date,temperature,uncertainty
1850-01-01,1.2833e+01,3.67e-01
1850-02-01,1.3588e+01,4.14e-01
1850-03-01,1.4043e+01,3.41e-01
1850-04-01,1.4667e+01,2.67e-01
1850-05-01,1.5507e+01,2.49e-01
1850-06-01,1.6353e+01,2.45e-01
1850-07-01,1.6783e+01,2.38e-01
1850-08-01,1.6718e+01,2.80e-01
1850-09-01,1.5886e+01,2.54e-01
1850-10-01,1.4831e+01,2.97e-01
1850-11-01,1.3897e+01,3.68e-01
1850-12-01,1.3300e+01,3.78e-01
1851-01-01,1.3245e+01,3.62e-01
1851-02-01,1.3331e+01,3.61e-01
1851-03-01,1.3897e+01,3.30e-01
1851-04-01,1.4640e+01,2.98e-01
1851-05-01,1.5771e+01,3.22e-01
1851-06-01,1.6496e+01,2.61e-01
1851-07-01,1.6831e+01,2.44e-01
1851-08-01,1.6621e+01,2.76e-01
1851-09-01,1.6058e+01,2.50e-01
1851-10-01,1.5213e+01,3.58e-01
1851-11-01,1.4161e+01,3.44e-01
1851-12-01,1.3638e+01,3.39e-01
1852-01-01,1.3231e+01,4.38e-01
1852-02-01,1.3311e+01,3.71e-01
1852-03-01,1.3736e+01,3.17e-01
1852-04-01,1.4786e+01,3.77e-01
1852-05-01,1.5899e+01,2.98e-01
1852-06-01,1.6619e+01,2.43e-01
1852-07-01,1.6984e+01,2.78e-01
1852-08-01,1.6566e+01,2.77e-01
1852-09-01,1.6038e+01,2.61e-01
1852-10-01,1.5178e+01,2.50e-01
1852-11-01,1.3948e+01,2.60e-01
1852-12-01,1.3782e+01,4.27e-01
1853-01-01,1.3143e+01,3.56e-01
1853-02-01,1.3362e+01,4.57e-01
1853-03-01,1.4033e+01,3.06e-01
1853-04-01,1.4919e+01,2.83e-01
1853-05-01,1.5793e+01,2.61e-01
1853-06-01,1.6455e+01,2.40e-01
1853-07-01,1.6999e+01,2.38e-01
1853-08-01,1.6789e+01,2.50e-01
1853-09-01,1.5942e+01,2.59e-01
1853-10-01,1.4874e+01,2.11e-01
1853-11-01,1.3829e+01,2.90e-01
1853-12-01,1.3324e+01,2.55e-01
1854-01-01,1.2983e+01,3.13e-01
1854-02-01,1.3248e+01,3.42e-01
1854-03-01,1.4089e+01,2.67e-01
1854-04-01,1.4945e+01,2.42e-01
1854-05-01,1.5793e+01,2.33e-01
1854-06-01,1.6286e+01,2.06e-01
1854-07-01,1.6775e+01,2.82e-01
1854-08-01,1.6707e+01,2.88e-01
1854-09-01,1.6098e+01,2.10e-01
1854-10-01,1.5378e+01,3.09e-01
1854-11-01,1.4123e+01,2.61e-01
1854-12-01,1.3467e+01,3.64e-01
1855-01-01,1.3384e+01,4.42e-01
1855-02-01,1.3646e+01,4.02e-01
1855-03-01,1.4172e+01,2.94e-01
1855-04-01,1.5187e+01,3.28e-01
1855-05-01,1.5822e+01,2.67e-01
1855-06-01,1.6445e+01,2.64e-01
1855-07-01,1.6675e+01,2.25e-01
1855-08-01,1.6685e+01,2.14e-01
1855-09-01,1.5829e+01,2.26e-01
1855-10-01,1.5075e+01,2.64e-01
1855-11-01,1.4118e+01,2.46e-01
1855-12-01,1.3215e+01,3.22e-01
1856-01-01,1.3368e+01,2.61e-01
1856-02-01,1.3311e+01,3.06e-01
1856-03-01,1.3957e+01,2.52e-01
1856-04-01,1.4945e+01,2.17e-01
1856-05-01,1.5813e+01,2.96e-01
1856-06-01,1.6492e+01,2.64e-01
1856-07-01,1.6675e+01,1.85e-01
1856-08-01,1.6390e+01,2.85e-01
1856-09-01,1.5641e+01,2.89e-01
1856-10-01,1.4783e+01,2.56e-01
1856-11-01,1.3856e+01,2.11e-01
1856-12-01,1.3321e+01,3.00e-01
1857-01-01,1.2972e+01,3.00e-01
1857-02-01,1.3385e+01,2.90e-01
1857-03-01,1.3916e+01,2.78e-01
1857-04-01,1.4481e+01,2.12e-01
1857-05-01,1.5279e+01,2.41e-01
1857-06-01,1.6175e+01,2.67e-01
1857-07-01,1.6478e+01,2.66e-01
1857-08-01,1.6459e+01,2.66e-01
1857-09-01,1.5840e+01,2.41e-01
1857-10-01,1.4918e+01,2.55e-01
1857-11-01,1.3829e+01,2.41e-01
1857-12-01,1.3367e+01,2.60e-01
1858-01-01,1.3221e+01,3.47e-01
1858-02-01,1.3290e+01,2.36e-01
1858-03-01,1.4044e+01,2.55e-01
1858-04-01,1.4967e+01,2.39e-01
1858-05-01,1.5541e+01,2.31e-01
1858-06-01,1.6172e+01,2.48e-01
1858-07-01,1.6510e+01,2.66e-01
1858-08-01,1.6489e+01,2.16e-01
1858-09-01,1.5833e+01,2.13e-01
1858-10-01,1.5114e+01,2.46e-01
1858-11-01,1.4134e+01,2.76e-01
1858-12-01,1.3263e+01,2.49e-01
1859-01-01,1.3058e+01,3.26e-01
1859-02-01,1.3330e+01,3.27e-01
1859-03-01,1.4104e+01,3.12e-01
1859-04-01,1.5197e+01,2.46e-01
1859-05-01,1.5868e+01,2.38e-01
1859-06-01,1.6400e+01,2.26e-01
1859-07-01,1.6494e+01,2.34e-01
1859-08-01,1.6450e+01,2.05e-01
1859-09-01,1.5589e+01,2.04e-01
1859-10-01,1.5062e+01,2.50e-01
1859-11-01,1.4094e+01,2.44e-01
1859-12-01,1.3513e+01,2.87e-01
1860-01-01,1.3170e+01,2.94e-01
1860-02-01,1.3424e+01,2.75e-01
1860-03-01,1.3714e+01,3.02e-01
1860-04-01,1.4861e+01,2.09e-01
1860-05-01,1.5758e+01,2.76e-01
1860-06-01,1.6338e+01,2.40e-01
1860-07-01,1.6737e+01,2.21e-01
1860-08-01,1.6634e+01,2.34e-01
1860-09-01,1.6133e+01,2.42e-01
1860-10-01,1.5076e+01,2.23e-01
1860-11-01,1.3922e+01,2.33e-01
1860-12-01,1.2828e+01,2.77e-01
1861-01-01,1.2475e+01,2.99e-01
1861-02-01,1.2917e+01,2.80e-01
1861-03-01,1.3824e+01,3.00e-01
1861-04-01,1.5018e+01,2.91e-01
1861-05-01,1.5489e+01,2.77e-01
1861-06-01,1.6358e+01,3.19e-01
1861-07-01,1.6547e+01,2.61e-01
1861-08-01,1.6716e+01,2.64e-01
1861-09-01,1.5927e+01,2.43e-01
1861-10-01,1.4905e+01,2.44e-01
1861-11-01,1.4095e+01,2.40e-01
1861-12-01,1.3337e+01,3.24e-01
1862-01-01,1.2658e+01,3.78e-01
1862-02-01,1.3192e+01,2.95e-01
1862-03-01,1.4044e+01,2.84e-01
1862-04-01,1.4825e+01,3.16e-01
1862-05-01,1.5708e+01,2.60e-01
1862-06-01,1.6349e+01,2.44e-01
1862-07-01,1.6593e+01,2.32e-01
1862-08-01,1.6306e+01,2.47e-01
1862-09-01,1.5788e+01,2.45e-01
1862-10-01,1.4902e+01,2.69e-01
1862-11-01,1.3784e+01,3.10e-01
1862-12-01,1.2732e+01,3.72e-01
1863-01-01,1.3296e+01,4.17e-01
1863-02-01,1.3634e+01,3.89e-01
1863-03-01,1.4006e+01,3.12e-01
1863-04-01,1.5010e+01,3.19e-01
1863-05-01,1.5823e+01,2.81e-01
1863-06-01,1.6224e+01,2.66e-01
1863-07-01,1.6575e+01,3.01e-01
1863-08-01,1.6437e+01,2.76e-01
1863-09-01,1.5898e+01,2.83e-01
1863-10-01,1.4978e+01,2.78e-01
1863-11-01,1.3992e+01,2.87e-01
1863-12-01,1.3356e+01,3.87e-01
1864-01-01,1.2879e+01,3.32e-01
1864-02-01,1.3275e+01,3.72e-01
1864-03-01,1.3990e+01,3.07e-01
1864-04-01,1.4830e+01,2.91e-01
1864-05-01,1.5851e+01,2.82e-01
1864-06-01,1.6490e+01,2.85e-01
1864-07-01,1.6715e+01,2.56e-01
1864-08-01,1.6494e+01,2.50e-01
1864-09-01,1.5850e+01,2.71e-01
1864-10-01,1.4972e+01,2.51e-01
1864-11-01,1.4141e+01,2.81e-01
1864-12-01,1.3271e+01,2.76e-01
1865-01-01,1.3503e+01,3.48e-01
1865-02-01,1.3506e+01,3.29e-01
1865-03-01,1.3914e+01,3.23e-01
1865-04-01,1.4861e+01,3.00e-01
1865-05-01,1.5756e+01,2.70e-01
1865-06-01,1.6414e+01,2.77e-01
1865-07-01,1.6749e+01,2.92e-01
1865-08-01,1.6657e+01,2.87e-01
1865-09-01,1.6082e+01,2.90e-01
1865-10-01,1.5157e+01,2.86e-01
1865-11-01,1.4101e+01,3.16e-01
1865-12-01,1.3260e+01,3.33e-01
1866-01-01,1.3467e+01,3.25e-01
1866-02-01,1.3586e+01,3.28e-01
1866-03-01,1.3950e+01,3.09e-01
1866-04-01,1.4713e+01,2.67e-01
1866-05-01,1.5630e+01,2.79e-01
1866-06-01,1.6596e+01,2.58e-01
1866-07-01,1.7060e+01,2.59e-01
1866-08-01,1.6695e+01,2.88e-01
1866-09-01,1.5918e+01,2.72e-01
1866-10-01,1.5062e+01,2.80e-01
1866-11-01,1.4275e+01,2.69e-01
1866-12-01,1.3732e+01,2.99e-01
1867-01-01,1.3371e+01,3.64e-01
1867-02-01,1.3458e+01,3.48e-01
1867-03-01,1.4073e+01,2.67e-01
1867-04-01,1.5100e+01,2.77e-01
1867-05-01,1.5560e+01,2.41e-01
1867-06-01,1.6366e+01,2.52e-01
1867-07-01,1.6672e+01,2.44e-01
1867-08-01,1.6454e+01,2.56e-01
1867-09-01,1.6147e+01,2.54e-01
1867-10-01,1.5318e+01,2.51e-01
1867-11-01,1.4632e+01,3.10e-01
1867-12-01,1.3553e+01,3.65e-01
1868-01-01,1.3012e+01,3.04e-01
1868-02-01,1.3295e+01,3.23e-01
1868-03-01,1.4135e+01,2.56e-01
1868-04-01,1.5082e+01,2.41e-01
1868-05-01,1.5992e+01,2.41e-01
1868-06-01,1.6529e+01,2.31e-01
1868-07-01,1.7025e+01,2.26e-01
1868-08-01,1.6793e+01,2.51e-01
1868-09-01,1.6107e+01,2.17e-01
1868-10-01,1.5376e+01,2.18e-01
1868-11-01,1.4174e+01,2.24e-01
1868-12-01,1.3643e+01,2.60e-01
1869-01-01,1.3289e+01,3.50e-01
1869-02-01,1.3951e+01,3.03e-01
1869-03-01,1.3947e+01,2.55e-01
1869-04-01,1.5016e+01,2.81e-01
1869-05-01,1.5896e+01,2.54e-01
1869-06-01,1.6396e+01,2.34e-01
1869-07-01,1.6667e+01,2.18e-01
1869-08-01,1.6711e+01,2.01e-01
1869-09-01,1.6180e+01,1.93e-01
1869-10-01,1.5171e+01,2.06e-01
1869-11-01,1.4255e+01,2.16e-01
1869-12-01,1.3307e+01,2.12e-01
1870-01-01,1.3304e+01,2.77e-01
1870-02-01,1.3359e+01,2.53e-01
1870-03-01,1.4139e+01,2.20e-01
1870-04-01,1.5052e+01,2.18e-01
1870-05-01,1.5826e+01,2.35e-01
1870-06-01,1.6511e+01,2.08e-01
1870-07-01,1.6860e+01,1.90e-01
1870-08-01,1.6617e+01,1.96e-01
1870-09-01,1.6073e+01,1.95e-01
1870-10-01,1.5056e+01,2.34e-01
1870-11-01,1.4079e+01,2.29e-01
1870-12-01,1.3176e+01,2.43e-01
1871-01-01,1.3089e+01,2.87e-01
1871-02-01,1.3299e+01,3.26e-01
1871-03-01,1.4223e+01,2.51e-01
1871-04-01,1.5233e+01,2.06e-01
1871-05-01,1.5770e+01,2.05e-01
1871-06-01,1.6458e+01,1.88e-01
1871-07-01,1.6858e+01,1.93e-01
1871-08-01,1.6653e+01,1.93e-01
1871-09-01,1.6020e+01,2.19e-01
1871-10-01,1.5061e+01,2.06e-01
1871-11-01,1.3972e+01,2.85e-01
1871-12-01,1.3435e+01,2.25e-01
1872-01-01,1.3041e+01,3.25e-01
1872-02-01,1.3376e+01,3.01e-01
1872-03-01,1.4107e+01,2.39e-01
1872-04-01,1.4969e+01,2.17e-01
1872-05-01,1.5927e+01,2.10e-01
1872-06-01,1.6361e+01,1.93e-01
1872-07-01,1.6843e+01,2.05e-01
1872-08-01,1.6822e+01,2.00e-01
1872-09-01,1.6173e+01,1.78e-01
1872-10-01,1.5181e+01,1.87e-01
1872-11-01,1.4101e+01,2.09e-01
1872-12-01,1.3331e+01,3.02e-01
1873-01-01,1.3353e+01,2.51e-01
1873-02-01,1.3707e+01,2.69e-01
1873-03-01,1.4151e+01,2.53e-01
1873-04-01,1.4879e+01,2.39e-01
1873-05-01,1.5821e+01,2.04e-01
1873-06-01,1.6429e+01,2.15e-01
1873-07-01,1.6805e+01,1.94e-01
1873-08-01,1.6726e+01,1.91e-01
1873-09-01,1.5965e+01,1.89e-01
1873-10-01,1.5130e+01,2.03e-01
1873-11-01,1.4094e+01,2.15e-01
1873-12-01,1.3531e+01,2.42e-01
1874-01-01,1.3392e+01,2.83e-01
1874-02-01,1.3458e+01,2.58e-01
1874-03-01,1.3807e+01,2.25e-01
1874-04-01,1.4910e+01,1.86e-01
1874-05-01,1.5750e+01,2.07e-01
1874-06-01,1.6211e+01,2.05e-01
1874-07-01,1.6745e+01,1.97e-01
1874-08-01,1.6645e+01,1.82e-01
1874-09-01,1.6122e+01,1.78e-01
1874-10-01,1.5005e+01,1.95e-01
1874-11-01,1.4013e+01,2.30e-01
1874-12-01,1.3426e+01,2.14e-01
1875-01-01,1.3027e+01,2.46e-01
1875-02-01,1.3350e+01,2.57e-01
1875-03-01,1.3974e+01,2.00e-01
1875-04-01,1.4923e+01,1.86e-01
1875-05-01,1.5792e+01,1.83e-01
1875-06-01,1.6358e+01,1.85e-01
1875-07-01,1.6683e+01,1.75e-01
1875-08-01,1.6638e+01,1.87e-01
1875-09-01,1.6059e+01,1.86e-01
1875-10-01,1.5125e+01,1.85e-01
1875-11-01,1.3905e+01,1.82e-01
1875-12-01,1.3229e+01,1.93e-01
1876-01-01,1.3100e+01,2.09e-01
1876-02-01,1.3496e+01,2.08e-01
1876-03-01,1.4047e+01,2.10e-01
1876-04-01,1.4950e+01,1.93e-01
1876-05-01,1.5570e+01,2.04e-01
1876-06-01,1.6290e+01,1.54e-01
1876-07-01,1.6848e+01,1.73e-01
1876-08-01,1.6579e+01,1.86e-01
1876-09-01,1.5890e+01,2.00e-01
1876-10-01,1.5047e+01,1.75e-01
1876-11-01,1.3903e+01,1.87e-01
1876-12-01,1.3193e+01,2.21e-01
1877-01-01,1.3306e+01,2.49e-01
1877-02-01,1.3732e+01,2.32e-01
1877-03-01,1.4459e+01,2.04e-01
1877-04-01,1.5126e+01,1.97e-01
1877-05-01,1.5854e+01,1.85e-01
1877-06-01,1.6594e+01,2.00e-01
1877-07-01,1.7004e+01,1.83e-01
1877-08-01,1.7076e+01,1.74e-01
1877-09-01,1.6437e+01,1.87e-01
1877-10-01,1.5536e+01,1.65e-01
1877-11-01,1.4564e+01,1.95e-01
1877-12-01,1.3704e+01,1.90e-01
1878-01-01,1.3538e+01,1.91e-01
1878-02-01,1.4177e+01,2.14e-01
1878-03-01,1.4882e+01,2.03e-01
1878-04-01,1.5573e+01,1.85e-01
1878-05-01,1.6016e+01,1.88e-01
1878-06-01,1.6711e+01,1.85e-01
1878-07-01,1.6999e+01,1.83e-01
1878-08-01,1.6905e+01,1.84e-01
1878-09-01,1.6267e+01,1.77e-01
1878-10-01,1.5307e+01,1.65e-01
1878-11-01,1.4388e+01,1.84e-01
1878-12-01,1.3526e+01,1.76e-01
1879-01-01,1.3349e+01,2.30e-01
1879-02-01,1.3630e+01,2.33e-01
1879-03-01,1.4340e+01,1.83e-01
1879-04-01,1.4987e+01,1.82e-01
1879-05-01,1.5807e+01,1.64e-01
1879-06-01,1.6501e+01,1.76e-01
1879-07-01,1.6746e+01,1.64e-01
1879-08-01,1.6635e+01,1.71e-01
1879-09-01,1.6007e+01,1.63e-01
1879-10-01,1.5250e+01,1.56e-01
1879-11-01,1.4203e+01,1.68e-01
1879-12-01,1.3318e+01,2.11e-01
1880-01-01,1.3129e+01,2.04e-01
1880-02-01,1.3407e+01,1.87e-01
1880-03-01,1.4273e+01,1.86e-01
1880-04-01,1.5008e+01,1.94e-01
1880-05-01,1.5850e+01,1.72e-01
1880-06-01,1.6400e+01,1.75e-01
1880-07-01,1.6687e+01,1.67e-01
1880-08-01,1.6695e+01,1.63e-01
1880-09-01,1.5918e+01,1.48e-01
1880-10-01,1.5024e+01,1.49e-01
1880-11-01,1.4233e+01,1.62e-01
1880-12-01,1.3480e+01,1.68e-01
1881-01-01,1.3396e+01,2.21e-01
1881-02-01,1.3625e+01,2.10e-01
1881-03-01,1.4355e+01,1.93e-01
1881-04-01,1.5267e+01,1.57e-01
1881-05-01,1.5999e+01,1.72e-01
1881-06-01,1.6329e+01,1.64e-01
1881-07-01,1.6783e+01,1.55e-01
1881-08-01,1.6665e+01,1.54e-01
1881-09-01,1.5982e+01,1.41e-01
1881-10-01,1.5115e+01,1.48e-01
1881-11-01,1.4019e+01,1.57e-01
1881-12-01,1.3511e+01,1.69e-01
1882-01-01,1.3632e+01,1.80e-01
1882-02-01,1.3843e+01,1.72e-01
1882-03-01,1.4339e+01,1.85e-01
1882-04-01,1.5031e+01,1.56e-01
1882-05-01,1.5816e+01,1.51e-01
1882-06-01,1.6356e+01,1.42e-01
1882-07-01,1.6634e+01,1.48e-01
1882-08-01,1.6678e+01,1.71e-01
1882-09-01,1.6108e+01,1.41e-01
1882-10-01,1.5022e+01,1.51e-01
1882-11-01,1.4033e+01,1.57e-01
1882-12-01,1.3187e+01,1.67e-01
1883-01-01,1.3106e+01,1.90e-01
1883-02-01,1.3358e+01,1.80e-01
1883-03-01,1.4236e+01,1.62e-01
1883-04-01,1.4916e+01,1.66e-01
1883-05-01,1.5825e+01,1.53e-01
1883-06-01,1.6512e+01,1.39e-01
1883-07-01,1.6664e+01,1.46e-01
1883-08-01,1.6538e+01,1.36e-01
1883-09-01,1.5956e+01,1.37e-01
1883-10-01,1.5054e+01,1.23e-01
1883-11-01,1.3943e+01,1.35e-01
1883-12-01,1.3451e+01,1.47e-01
1884-01-01,1.3279e+01,1.70e-01
1884-02-01,1.3600e+01,1.76e-01
1884-03-01,1.3914e+01,1.74e-01
1884-04-01,1.4744e+01,1.36e-01
1884-05-01,1.5558e+01,1.40e-01
1884-06-01,1.6185e+01,1.44e-01
1884-07-01,1.6434e+01,1.43e-01
1884-08-01,1.6408e+01,1.51e-01
1884-09-01,1.5826e+01,1.48e-01
1884-10-01,1.4954e+01,1.30e-01
1884-11-01,1.3827e+01,1.44e-01
1884-12-01,1.3270e+01,1.52e-01
1885-01-01,1.2889e+01,2.15e-01
1885-02-01,1.3327e+01,1.92e-01
1885-03-01,1.4021e+01,1.46e-01
1885-04-01,1.4747e+01,1.48e-01
1885-05-01,1.5565e+01,1.45e-01
1885-06-01,1.6105e+01,1.29e-01
1885-07-01,1.6601e+01,1.42e-01
1885-08-01,1.6438e+01,1.57e-01
1885-09-01,1.5907e+01,1.40e-01
1885-10-01,1.5054e+01,1.37e-01
1885-11-01,1.4057e+01,1.43e-01
1885-12-01,1.3542e+01,1.65e-01
1886-01-01,1.3001e+01,1.81e-01
1886-02-01,1.3176e+01,1.60e-01
1886-03-01,1.3888e+01,1.35e-01
1886-04-01,1.4841e+01,1.29e-01
1886-05-01,1.5837e+01,1.65e-01
1886-06-01,1.6197e+01,1.27e-01
1886-07-01,1.6622e+01,1.38e-01
1886-08-01,1.6458e+01,1.37e-01
1886-09-01,1.5831e+01,1.31e-01
1886-10-01,1.4979e+01,1.39e-01
1886-11-01,1.3877e+01,1.41e-01
1886-12-01,1.3316e+01,1.61e-01
1887-01-01,1.2620e+01,1.87e-01
1887-02-01,1.3096e+01,1.66e-01
1887-03-01,1.3946e+01,1.60e-01
1887-04-01,1.4941e+01,1.41e-01
1887-05-01,1.5651e+01,1.53e-01
1887-06-01,1.6214e+01,1.36e-01
1887-07-01,1.6630e+01,1.37e-01
1887-08-01,1.6372e+01,1.38e-01
1887-09-01,1.5916e+01,1.47e-01
1887-10-01,1.4983e+01,1.26e-01
1887-11-01,1.4037e+01,1.45e-01
1887-12-01,1.3386e+01,1.66e-01
1888-01-01,1.3132e+01,1.48e-01
1888-02-01,1.3320e+01,1.65e-01
1888-03-01,1.3972e+01,1.52e-01
1888-04-01,1.4938e+01,1.57e-01
1888-05-01,1.5730e+01,1.52e-01
1888-06-01,1.6360e+01,1.53e-01
1888-07-01,1.6686e+01,1.35e-01
1888-08-01,1.6611e+01,1.58e-01
1888-09-01,1.5995e+01,1.42e-01
1888-10-01,1.5318e+01,1.31e-01
1888-11-01,1.4259e+01,1.44e-01
1888-12-01,1.3608e+01,1.54e-01
1889-01-01,1.3417e+01,1.68e-01
1889-02-01,1.3954e+01,1.56e-01
1889-03-01,1.4446e+01,1.65e-01
1889-04-01,1.5305e+01,1.46e-01
1889-05-01,1.5915e+01,1.53e-01
1889-06-01,1.6498e+01,1.32e-01
1889-07-01,1.6796e+01,1.44e-01
1889-08-01,1.6604e+01,1.53e-01
1889-09-01,1.5913e+01,1.46e-01
1889-10-01,1.5116e+01,1.39e-01
1889-11-01,1.3996e+01,1.69e-01
1889-12-01,1.3401e+01,1.58e-01
1890-01-01,1.3068e+01,1.57e-01
1890-02-01,1.3394e+01,1.57e-01
1890-03-01,1.3891e+01,1.58e-01
1890-04-01,1.4875e+01,1.53e-01
1890-05-01,1.5624e+01,1.56e-01
1890-06-01,1.6250e+01,1.47e-01
1890-07-01,1.6528e+01,1.53e-01
1890-08-01,1.6427e+01,1.48e-01
1890-09-01,1.5842e+01,1.45e-01
1890-10-01,1.5020e+01,1.35e-01
1890-11-01,1.3803e+01,1.38e-01
1890-12-01,1.3367e+01,1.49e-01
1891-01-01,1.3037e+01,1.55e-01
1891-02-01,1.3298e+01,1.65e-01
1891-03-01,1.4191e+01,1.53e-01
1891-04-01,1.4918e+01,1.47e-01
1891-05-01,1.5844e+01,1.62e-01
1891-06-01,1.6297e+01,1.37e-01
1891-07-01,1.6620e+01,1.55e-01
1891-08-01,1.6549e+01,1.62e-01
1891-09-01,1.6070e+01,1.40e-01
1891-10-01,1.5023e+01,1.47e-01
1891-11-01,1.3920e+01,1.51e-01
1891-12-01,1.3559e+01,1.69e-01
1892-01-01,1.3264e+01,1.62e-01
1892-02-01,1.3667e+01,1.46e-01
1892-03-01,1.3979e+01,1.58e-01
1892-04-01,1.4804e+01,1.49e-01
1892-05-01,1.5655e+01,1.58e-01
1892-06-01,1.6303e+01,1.49e-01
1892-07-01,1.6476e+01,1.57e-01
1892-08-01,1.6390e+01,1.55e-01
1892-09-01,1.5998e+01,1.45e-01
1892-10-01,1.5126e+01,1.47e-01
1892-11-01,1.3732e+01,1.56e-01
1892-12-01,1.3196e+01,1.90e-01
1893-01-01,1.2702e+01,1.86e-01
1893-02-01,1.3230e+01,1.61e-01
1893-03-01,1.4111e+01,1.63e-01
1893-04-01,1.4871e+01,1.47e-01
1893-05-01,1.5662e+01,1.55e-01
1893-06-01,1.6382e+01,1.44e-01
1893-07-01,1.6788e+01,1.55e-01
1893-08-01,1.6650e+01,1.53e-01
1893-09-01,1.5932e+01,1.39e-01
1893-10-01,1.5152e+01,1.39e-01
1893-11-01,1.4079e+01,1.44e-01
1893-12-01,1.3388e+01,1.65e-01
1894-01-01,1.3039e+01,1.59e-01
1894-02-01,1.3455e+01,1.55e-01
1894-03-01,1.4080e+01,1.67e-01
1894-04-01,1.4794e+01,1.56e-01
1894-05-01,1.5656e+01,1.48e-01
1894-06-01,1.6226e+01,1.42e-01
1894-07-01,1.6687e+01,1.56e-01
1894-08-01,1.6565e+01,1.51e-01
1894-09-01,1.5927e+01,1.41e-01
1894-10-01,1.5165e+01,1.34e-01
1894-11-01,1.4036e+01,1.46e-01
1894-12-01,1.3347e+01,1.49e-01
1895-01-01,1.3084e+01,1.40e-01
1895-02-01,1.3303e+01,1.53e-01
1895-03-01,1.3989e+01,1.57e-01
1895-04-01,1.5005e+01,1.54e-01
1895-05-01,1.5703e+01,1.58e-01
1895-06-01,1.6352e+01,1.41e-01
1895-07-01,1.6716e+01,1.53e-01
1895-08-01,1.6612e+01,1.51e-01
1895-09-01,1.5981e+01,1.41e-01
1895-10-01,1.5151e+01,1.25e-01
1895-11-01,1.4219e+01,1.38e-01
1895-12-01,1.3513e+01,1.51e-01
1896-01-01,1.3366e+01,1.62e-01
1896-02-01,1.3576e+01,1.46e-01
1896-03-01,1.4047e+01,1.45e-01
1896-04-01,1.4895e+01,1.60e-01
1896-05-01,1.5817e+01,1.60e-01
1896-06-01,1.6515e+01,1.40e-01
1896-07-01,1.6866e+01,1.51e-01
1896-08-01,1.6762e+01,1.57e-01
1896-09-01,1.6143e+01,1.42e-01
1896-10-01,1.5270e+01,1.30e-01
1896-11-01,1.4187e+01,1.41e-01
1896-12-01,1.3643e+01,1.42e-01
1897-01-01,1.3312e+01,1.61e-01
1897-02-01,1.3555e+01,1.45e-01
1897-03-01,1.4152e+01,1.55e-01
1897-04-01,1.5217e+01,1.43e-01
1897-05-01,1.6020e+01,1.45e-01
1897-06-01,1.6505e+01,1.55e-01
1897-07-01,1.6783e+01,1.61e-01
1897-08-01,1.6676e+01,1.61e-01
1897-09-01,1.6068e+01,1.33e-01
1897-10-01,1.5168e+01,1.35e-01
1897-11-01,1.4047e+01,1.53e-01
1897-12-01,1.3401e+01,1.45e-01
1898-01-01,1.3396e+01,1.49e-01
1898-02-01,1.3364e+01,1.49e-01
1898-03-01,1.3749e+01,1.43e-01
1898-04-01,1.4868e+01,1.55e-01
1898-05-01,1.5621e+01,1.44e-01
1898-06-01,1.6393e+01,1.64e-01
1898-07-01,1.6627e+01,1.54e-01
1898-08-01,1.6512e+01,1.61e-01
1898-09-01,1.5914e+01,1.49e-01
1898-10-01,1.4915e+01,1.31e-01
1898-11-01,1.3933e+01,1.39e-01
1898-12-01,1.3351e+01,1.44e-01
1899-01-01,1.3306e+01,1.47e-01
1899-02-01,1.3399e+01,1.67e-01
1899-03-01,1.4003e+01,1.43e-01
1899-04-01,1.5026e+01,1.53e-01
1899-05-01,1.5836e+01,1.43e-01
1899-06-01,1.6243e+01,1.41e-01
1899-07-01,1.6689e+01,1.50e-01
1899-08-01,1.6746e+01,1.57e-01
1899-09-01,1.6178e+01,1.38e-01
1899-10-01,1.5287e+01,1.34e-01
1899-11-01,1.4455e+01,1.44e-01
1899-12-01,1.3412e+01,1.53e-01
1900-01-01,1.3142e+01,1.42e-01
1900-02-01,1.3777e+01,1.73e-01
1900-03-01,1.4400e+01,1.41e-01
1900-04-01,1.5170e+01,1.51e-01
1900-05-01,1.5955e+01,1.59e-01
1900-06-01,1.6515e+01,1.47e-01
1900-07-01,1.6785e+01,1.54e-01
1900-08-01,1.6699e+01,1.59e-01
1900-09-01,1.6124e+01,1.47e-01
1900-10-01,1.5373e+01,1.40e-01
1900-11-01,1.4189e+01,1.37e-01
1900-12-01,1.3598e+01,1.53e-01
1901-01-01,1.3290e+01,1.41e-01
1901-02-01,1.3660e+01,1.63e-01
1901-03-01,1.4383e+01,1.38e-01
1901-04-01,1.5220e+01,1.51e-01
1901-05-01,1.5936e+01,1.54e-01
1901-06-01,1.6441e+01,1.45e-01
1901-07-01,1.6718e+01,1.58e-01
1901-08-01,1.6663e+01,1.48e-01
1901-09-01,1.6001e+01,1.40e-01
1901-10-01,1.5087e+01,1.38e-01
1901-11-01,1.4101e+01,1.37e-01
1901-12-01,1.3380e+01,1.36e-01
1902-01-01,1.3302e+01,1.30e-01
1902-02-01,1.3691e+01,1.48e-01
1902-03-01,1.4100e+01,1.27e-01
1902-04-01,1.4958e+01,1.41e-01
1902-05-01,1.5719e+01,1.45e-01
1902-06-01,1.6284e+01,1.29e-01
1902-07-01,1.6690e+01,1.45e-01
1902-08-01,1.6591e+01,1.44e-01
1902-09-01,1.6032e+01,1.34e-01
1902-10-01,1.4991e+01,1.21e-01
1902-11-01,1.3902e+01,1.28e-01
1902-12-01,1.3240e+01,1.34e-01
1903-01-01,1.3275e+01,1.28e-01
1903-02-01,1.3668e+01,1.32e-01
1903-03-01,1.4050e+01,1.24e-01
1903-04-01,1.4801e+01,1.36e-01
1903-05-01,1.5645e+01,1.39e-01
1903-06-01,1.6161e+01,1.27e-01
1903-07-01,1.6496e+01,1.46e-01
1903-08-01,1.6304e+01,1.46e-01
1903-09-01,1.5771e+01,1.45e-01
1903-10-01,1.4835e+01,1.18e-01
1903-11-01,1.3828e+01,1.32e-01
1903-12-01,1.3205e+01,1.45e-01
1904-01-01,1.2957e+01,1.52e-01
1904-02-01,1.3154e+01,1.47e-01
1904-03-01,1.3859e+01,1.33e-01
1904-04-01,1.4755e+01,1.37e-01
1904-05-01,1.5573e+01,1.33e-01
1904-06-01,1.6207e+01,1.28e-01
1904-07-01,1.6525e+01,1.34e-01
1904-08-01,1.6403e+01,1.37e-01
1904-09-01,1.5768e+01,1.29e-01
1904-10-01,1.4947e+01,1.18e-01
1904-11-01,1.4144e+01,1.19e-01
1904-12-01,1.3433e+01,1.30e-01
1905-01-01,1.3205e+01,1.40e-01
1905-02-01,1.3206e+01,1.37e-01
1905-03-01,1.4035e+01,1.25e-01
1905-04-01,1.4857e+01,1.28e-01
1905-05-01,1.5788e+01,1.31e-01
1905-06-01,1.6379e+01,1.25e-01
1905-07-01,1.6651e+01,1.33e-01
1905-08-01,1.6558e+01,1.34e-01
1905-09-01,1.6004e+01,1.23e-01
1905-10-01,1.5091e+01,1.22e-01
1905-11-01,1.4232e+01,1.27e-01
1905-12-01,1.3450e+01,1.23e-01
1906-01-01,1.3250e+01,1.37e-01
1906-02-01,1.3502e+01,1.35e-01
1906-03-01,1.4245e+01,1.17e-01
1906-04-01,1.5230e+01,1.22e-01
1906-05-01,1.5769e+01,1.32e-01
1906-06-01,1.6436e+01,1.27e-01
1906-07-01,1.6662e+01,1.37e-01
1906-08-01,1.6593e+01,1.34e-01
1906-09-01,1.5950e+01,1.22e-01
1906-10-01,1.5152e+01,1.16e-01
1906-11-01,1.4054e+01,1.16e-01
1906-12-01,1.3540e+01,1.48e-01
1907-01-01,1.3108e+01,1.28e-01
1907-02-01,1.3257e+01,1.29e-01
1907-03-01,1.4150e+01,1.23e-01
1907-04-01,1.4918e+01,1.33e-01
1907-05-01,1.5602e+01,1.32e-01
1907-06-01,1.6253e+01,1.30e-01
1907-07-01,1.6596e+01,1.33e-01
1907-08-01,1.6456e+01,1.32e-01
1907-09-01,1.5902e+01,1.19e-01
1907-10-01,1.5159e+01,1.15e-01
1907-11-01,1.3872e+01,1.15e-01
1907-12-01,1.3225e+01,1.21e-01
1908-01-01,1.3160e+01,1.23e-01
1908-02-01,1.3441e+01,1.24e-01
1908-03-01,1.3783e+01,1.37e-01
1908-04-01,1.4801e+01,1.29e-01
1908-05-01,1.5757e+01,1.30e-01
1908-06-01,1.6289e+01,1.19e-01
1908-07-01,1.6618e+01,1.29e-01
1908-08-01,1.6365e+01,1.34e-01
1908-09-01,1.5930e+01,1.19e-01
1908-10-01,1.4883e+01,1.12e-01
1908-11-01,1.3842e+01,1.16e-01
1908-12-01,1.3189e+01,1.29e-01
1909-01-01,1.2839e+01,1.32e-01
1909-02-01,1.3350e+01,1.25e-01
1909-03-01,1.3852e+01,1.22e-01
1909-04-01,1.4719e+01,1.22e-01
1909-05-01,1.5600e+01,1.27e-01
1909-06-01,1.6191e+01,1.14e-01
1909-07-01,1.6437e+01,1.23e-01
1909-08-01,1.6496e+01,1.26e-01
1909-09-01,1.5849e+01,1.12e-01
1909-10-01,1.4941e+01,1.02e-01
1909-11-01,1.3993e+01,1.08e-01
1909-12-01,1.3217e+01,1.21e-01
1910-01-01,1.3139e+01,1.14e-01
1910-02-01,1.3317e+01,1.22e-01
1910-03-01,1.3872e+01,1.12e-01
1910-04-01,1.4845e+01,1.20e-01
1910-05-01,1.5712e+01,1.28e-01
1910-06-01,1.6264e+01,1.10e-01
1910-07-01,1.6543e+01,1.30e-01
1910-08-01,1.6477e+01,1.26e-01
1910-09-01,1.5875e+01,1.12e-01
1910-10-01,1.5019e+01,1.05e-01
1910-11-01,1.3750e+01,1.09e-01
1910-12-01,1.3016e+01,1.23e-01
1911-01-01,1.2908e+01,1.28e-01
1911-02-01,1.3164e+01,1.07e-01
1911-03-01,1.3752e+01,1.08e-01
1911-04-01,1.4716e+01,1.15e-01
1911-05-01,1.5497e+01,1.19e-01
1911-06-01,1.6108e+01,1.08e-01
1911-07-01,1.6431e+01,1.22e-01
1911-08-01,1.6387e+01,1.26e-01
1911-09-01,1.5799e+01,1.18e-01
1911-10-01,1.5063e+01,1.08e-01
1911-11-01,1.4062e+01,1.08e-01
1911-12-01,1.3425e+01,1.15e-01
1912-01-01,1.3249e+01,1.25e-01
1912-02-01,1.3595e+01,1.15e-01
1912-03-01,1.3995e+01,1.15e-01
1912-04-01,1.5065e+01,1.18e-01
1912-05-01,1.5813e+01,1.26e-01
1912-06-01,1.6397e+01,1.13e-01
1912-07-01,1.6509e+01,1.20e-01
1912-08-01,1.6309e+01,1.25e-01
1912-09-01,1.5685e+01,1.17e-01
1912-10-01,1.4751e+01,1.08e-01
1912-11-01,1.3928e+01,1.07e-01
1912-12-01,1.3230e+01,1.14e-01
1913-01-01,1.3066e+01,1.22e-01
1913-02-01,1.3344e+01,1.22e-01
1913-03-01,1.3953e+01,1.10e-01
1913-04-01,1.4957e+01,1.17e-01
1913-05-01,1.5679e+01,1.23e-01
1913-06-01,1.6216e+01,1.17e-01
1913-07-01,1.6552e+01,1.22e-01
1913-08-01,1.6496e+01,1.26e-01
1913-09-01,1.5867e+01,1.11e-01
1913-10-01,1.5028e+01,1.04e-01
1913-11-01,1.4123e+01,1.11e-01
1913-12-01,1.3624e+01,1.20e-01
1914-01-01,1.3545e+01,1.28e-01
1914-02-01,1.3576e+01,1.11e-01
1914-03-01,1.4103e+01,1.16e-01
1914-04-01,1.5018e+01,1.19e-01
1914-05-01,1.5857e+01,1.27e-01
1914-06-01,1.6421e+01,1.14e-01
1914-07-01,1.6653e+01,1.31e-01
1914-08-01,1.6692e+01,1.32e-01
1914-09-01,1.6075e+01,1.37e-01
1914-10-01,1.5223e+01,1.24e-01
1914-11-01,1.4155e+01,1.25e-01
1914-12-01,1.3597e+01,1.39e-01
1915-01-01,1.3320e+01,1.34e-01
1915-02-01,1.3675e+01,1.37e-01
1915-03-01,1.4320e+01,1.31e-01
1915-04-01,1.5292e+01,1.35e-01
1915-05-01,1.6067e+01,1.38e-01
1915-06-01,1.6445e+01,1.33e-01
1915-07-01,1.6817e+01,1.45e-01
1915-08-01,1.6802e+01,1.44e-01
1915-09-01,1.6102e+01,1.35e-01
1915-10-01,1.5093e+01,1.25e-01
1915-11-01,1.4254e+01,1.27e-01
1915-12-01,1.3538e+01,1.27e-01
1916-01-01,1.3294e+01,1.34e-01
1916-02-01,1.3581e+01,1.34e-01
1916-03-01,1.4121e+01,1.42e-01
1916-04-01,1.4975e+01,1.34e-01
1916-05-01,1.5779e+01,1.39e-01
1916-06-01,1.6290e+01,1.26e-01
1916-07-01,1.6599e+01,1.45e-01
1916-08-01,1.6511e+01,1.42e-01
1916-09-01,1.5927e+01,1.32e-01
1916-10-01,1.4919e+01,1.28e-01
1916-11-01,1.3814e+01,1.31e-01
1916-12-01,1.3006e+01,1.31e-01
1917-01-01,1.2840e+01,1.38e-01
1917-02-01,1.3099e+01,1.51e-01
1917-03-01,1.3801e+01,1.36e-01
1917-04-01,1.4815e+01,1.42e-01
1917-05-01,1.5537e+01,1.43e-01
1917-06-01,1.6239e+01,1.32e-01
1917-07-01,1.6706e+01,1.44e-01
1917-08-01,1.6580e+01,1.49e-01
1917-09-01,1.6058e+01,1.42e-01
1917-10-01,1.4942e+01,1.26e-01
1917-11-01,1.4002e+01,1.38e-01
1917-12-01,1.3098e+01,1.45e-01
1918-01-01,1.3129e+01,1.41e-01
1918-02-01,1.3312e+01,1.56e-01
1918-03-01,1.4034e+01,1.47e-01
1918-04-01,1.4794e+01,1.48e-01
1918-05-01,1.5733e+01,1.56e-01
1918-06-01,1.6306e+01,1.40e-01
1918-07-01,1.6596e+01,1.49e-01
1918-08-01,1.6552e+01,1.47e-01
1918-09-01,1.6074e+01,1.47e-01
1918-10-01,1.5252e+01,1.44e-01
1918-11-01,1.4297e+01,1.48e-01
1918-12-01,1.3439e+01,1.55e-01
1919-01-01,1.3309e+01,1.52e-01
1919-02-01,1.3678e+01,1.51e-01
1919-03-01,1.4220e+01,1.48e-01
1919-04-01,1.5253e+01,1.50e-01
1919-05-01,1.5847e+01,1.40e-01
1919-06-01,1.6375e+01,1.32e-01
1919-07-01,1.6582e+01,1.44e-01
1919-08-01,1.6498e+01,1.53e-01
1919-09-01,1.6025e+01,1.41e-01
1919-10-01,1.5117e+01,1.29e-01
1919-11-01,1.3914e+01,1.36e-01
1919-12-01,1.3263e+01,1.38e-01
1920-01-01,1.3257e+01,1.37e-01
1920-02-01,1.3347e+01,1.36e-01
1920-03-01,1.4250e+01,1.38e-01
1920-04-01,1.5079e+01,1.45e-01
1920-05-01,1.5855e+01,1.41e-01
1920-06-01,1.6415e+01,1.31e-01
1920-07-01,1.6693e+01,1.43e-01
1920-08-01,1.6626e+01,1.43e-01
1920-09-01,1.6117e+01,1.33e-01
1920-10-01,1.5206e+01,1.25e-01
1920-11-01,1.4159e+01,1.28e-01
1920-12-01,1.3311e+01,1.27e-01
1921-01-01,1.3439e+01,1.46e-01
1921-02-01,1.3622e+01,1.29e-01
1921-03-01,1.4128e+01,1.37e-01
1921-04-01,1.5005e+01,1.29e-01
1921-05-01,1.5826e+01,1.29e-01
1921-06-01,1.6490e+01,1.22e-01
1921-07-01,1.6783e+01,1.36e-01
1921-08-01,1.6618e+01,1.37e-01
1921-09-01,1.6166e+01,1.25e-01
1921-10-01,1.5285e+01,1.17e-01
1921-11-01,1.4236e+01,1.20e-01
1921-12-01,1.3627e+01,1.23e-01
1922-01-01,1.3177e+01,1.21e-01
1922-02-01,1.3453e+01,1.28e-01
1922-03-01,1.4245e+01,1.21e-01
1922-04-01,1.5168e+01,1.27e-01
1922-05-01,1.5778e+01,1.30e-01
1922-06-01,1.6406e+01,1.17e-01
1922-07-01,1.6745e+01,1.30e-01
1922-08-01,1.6532e+01,1.34e-01
1922-09-01,1.5981e+01,1.21e-01
1922-10-01,1.5043e+01,1.20e-01
1922-11-01,1.4117e+01,1.21e-01
1922-12-01,1.3503e+01,1.19e-01
1923-01-01,1.3240e+01,1.27e-01
1923-02-01,1.3358e+01,1.24e-01
1923-03-01,1.4049e+01,1.22e-01
1923-04-01,1.4959e+01,1.22e-01
1923-05-01,1.5724e+01,1.28e-01
1923-06-01,1.6452e+01,1.20e-01
1923-07-01,1.6628e+01,1.29e-01
1923-08-01,1.6540e+01,1.37e-01
1923-09-01,1.5992e+01,1.20e-01
1923-10-01,1.5249e+01,1.12e-01
1923-11-01,1.4404e+01,1.12e-01
1923-12-01,1.3739e+01,1.19e-01
1924-01-01,1.3303e+01,1.34e-01
1924-02-01,1.3585e+01,1.27e-01
1924-03-01,1.4325e+01,1.19e-01
1924-04-01,1.5081e+01,1.27e-01
1924-05-01,1.5918e+01,1.27e-01
1924-06-01,1.6461e+01,1.16e-01
1924-07-01,1.6724e+01,1.31e-01
1924-08-01,1.6556e+01,1.34e-01
1924-09-01,1.6003e+01,1.22e-01
1924-10-01,1.5042e+01,1.17e-01
1924-11-01,1.4132e+01,1.16e-01
1924-12-01,1.3342e+01,1.24e-01
1925-01-01,1.3157e+01,1.25e-01
1925-02-01,1.3361e+01,1.21e-01
1925-03-01,1.4155e+01,1.24e-01
1925-04-01,1.5011e+01,1.24e-01
1925-05-01,1.5855e+01,1.30e-01
1925-06-01,1.6413e+01,1.16e-01
1925-07-01,1.6740e+01,1.29e-01
1925-08-01,1.6716e+01,1.35e-01
1925-09-01,1.6140e+01,1.26e-01
1925-10-01,1.5221e+01,1.17e-01
1925-11-01,1.4418e+01,1.18e-01
1925-12-01,1.3897e+01,1.22e-01
1926-01-01,1.3739e+01,1.28e-01
1926-02-01,1.3842e+01,1.15e-01
1926-03-01,1.4536e+01,1.16e-01
1926-04-01,1.5214e+01,1.27e-01
1926-05-01,1.5932e+01,1.29e-01
1926-06-01,1.6581e+01,1.17e-01
1926-07-01,1.6766e+01,1.30e-01
1926-08-01,1.6800e+01,1.35e-01
1926-09-01,1.6222e+01,1.20e-01
1926-10-01,1.5372e+01,1.15e-01
1926-11-01,1.4351e+01,1.16e-01
1926-12-01,1.3538e+01,1.21e-01
1927-01-01,1.3323e+01,1.30e-01
1927-02-01,1.3650e+01,1.20e-01
1927-03-01,1.4084e+01,1.21e-01
1927-04-01,1.5045e+01,1.18e-01
1927-05-01,1.5873e+01,1.27e-01
1927-06-01,1.6444e+01,1.14e-01
1927-07-01,1.6812e+01,1.30e-01
1927-08-01,1.6742e+01,1.36e-01
1927-09-01,1.6224e+01,1.19e-01
1927-10-01,1.5435e+01,1.12e-01
1927-11-01,1.4342e+01,1.13e-01
1927-12-01,1.3493e+01,1.20e-01
1928-01-01,1.3637e+01,1.21e-01
1928-02-01,1.3722e+01,1.23e-01
1928-03-01,1.4229e+01,1.19e-01
1928-04-01,1.5126e+01,1.27e-01
1928-05-01,1.5880e+01,1.34e-01
1928-06-01,1.6355e+01,1.19e-01
1928-07-01,1.6796e+01,1.28e-01
1928-08-01,1.6700e+01,1.33e-01
1928-09-01,1.6066e+01,1.20e-01
1928-10-01,1.5232e+01,1.12e-01
1928-11-01,1.4276e+01,1.22e-01
1928-12-01,1.3568e+01,1.22e-01
1929-01-01,1.3137e+01,1.34e-01
1929-02-01,1.3241e+01,1.20e-01
1929-03-01,1.4079e+01,1.21e-01
1929-04-01,1.4987e+01,1.26e-01
1929-05-01,1.5716e+01,1.28e-01
1929-06-01,1.6328e+01,1.17e-01
1929-07-01,1.6590e+01,1.34e-01
1929-08-01,1.6671e+01,1.38e-01
1929-09-01,1.6092e+01,1.26e-01
1929-10-01,1.5248e+01,1.13e-01
1929-11-01,1.4313e+01,1.18e-01
1929-12-01,1.3207e+01,1.21e-01
1930-01-01,1.3260e+01,1.30e-01
1930-02-01,1.3540e+01,1.26e-01
1930-03-01,1.4326e+01,1.27e-01
1930-04-01,1.5081e+01,1.24e-01
1930-05-01,1.5911e+01,1.31e-01
1930-06-01,1.6473e+01,1.22e-01
1930-07-01,1.6854e+01,1.37e-01
1930-08-01,1.6791e+01,1.46e-01
1930-09-01,1.6250e+01,1.31e-01
1930-10-01,1.5355e+01,1.21e-01
1930-11-01,1.4505e+01,1.28e-01
1930-12-01,1.3724e+01,1.24e-01
1931-01-01,1.3529e+01,1.30e-01
1931-02-01,1.3621e+01,1.25e-01
1931-03-01,1.4347e+01,1.26e-01
1931-04-01,1.5116e+01,1.26e-01
1931-05-01,1.5872e+01,1.29e-01
1931-06-01,1.6630e+01,1.26e-01
1931-07-01,1.6967e+01,1.38e-01
1931-08-01,1.6887e+01,1.45e-01
1931-09-01,1.6294e+01,1.29e-01
1931-10-01,1.5448e+01,1.25e-01
1931-11-01,1.4317e+01,1.25e-01
1931-12-01,1.3711e+01,1.25e-01
1932-01-01,1.3687e+01,1.31e-01
1932-02-01,1.3658e+01,1.24e-01
1932-03-01,1.4252e+01,1.29e-01
1932-04-01,1.5335e+01,1.29e-01
1932-05-01,1.6018e+01,1.32e-01
1932-06-01,1.6504e+01,1.26e-01
1932-07-01,1.6846e+01,1.38e-01
1932-08-01,1.6680e+01,1.43e-01
1932-09-01,1.6263e+01,1.33e-01
1932-10-01,1.5280e+01,1.23e-01
1932-11-01,1.4175e+01,1.22e-01
1932-12-01,1.3558e+01,1.23e-01
1933-01-01,1.3260e+01,1.29e-01
1933-02-01,1.3506e+01,1.20e-01
1933-03-01,1.4131e+01,1.20e-01
1933-04-01,1.5043e+01,1.30e-01
1933-05-01,1.5823e+01,1.34e-01
1933-06-01,1.6337e+01,1.26e-01
1933-07-01,1.6704e+01,1.36e-01
1933-08-01,1.6701e+01,1.38e-01
1933-09-01,1.6024e+01,1.29e-01
1933-10-01,1.5143e+01,1.25e-01
1933-11-01,1.4131e+01,1.18e-01
1933-12-01,1.3352e+01,1.20e-01
1934-01-01,1.3276e+01,1.24e-01
1934-02-01,1.3701e+01,1.25e-01
1934-03-01,1.4072e+01,1.22e-01
1934-04-01,1.5020e+01,1.28e-01
1934-05-01,1.5951e+01,1.27e-01
1934-06-01,1.6578e+01,1.21e-01
1934-07-01,1.6851e+01,1.34e-01
1934-08-01,1.6740e+01,1.41e-01
1934-09-01,1.6128e+01,1.22e-01
1934-10-01,1.5332e+01,1.18e-01
1934-11-01,1.4412e+01,1.13e-01
1934-12-01,1.3673e+01,1.18e-01
1935-01-01,1.3299e+01,1.21e-01
1935-02-01,1.3857e+01,1.19e-01
1935-03-01,1.4269e+01,1.15e-01
1935-04-01,1.5013e+01,1.26e-01
1935-05-01,1.5848e+01,1.28e-01
1935-06-01,1.6504e+01,1.22e-01
1935-07-01,1.6848e+01,1.31e-01
1935-08-01,1.6715e+01,1.39e-01
1935-09-01,1.6143e+01,1.20e-01
1935-10-01,1.5311e+01,1.14e-01
1935-11-01,1.4069e+01,1.15e-01
1935-12-01,1.3550e+01,1.18e-01
1936-01-01,1.3260e+01,1.15e-01
1936-02-01,1.3533e+01,1.18e-01
1936-03-01,1.4206e+01,1.16e-01
1936-04-01,1.5089e+01,1.22e-01
1936-05-01,1.5935e+01,1.25e-01
1936-06-01,1.6524e+01,1.16e-01
1936-07-01,1.6928e+01,1.30e-01
1936-08-01,1.6811e+01,1.34e-01
1936-09-01,1.6191e+01,1.21e-01
1936-10-01,1.5412e+01,1.16e-01
1936-11-01,1.4338e+01,1.13e-01
1936-12-01,1.3767e+01,1.18e-01
1937-01-01,1.3417e+01,1.16e-01
1937-02-01,1.3904e+01,1.16e-01
1937-03-01,1.4276e+01,1.19e-01
1937-04-01,1.5228e+01,1.17e-01
1937-05-01,1.6051e+01,1.25e-01
1937-06-01,1.6679e+01,1.16e-01
1937-07-01,1.7054e+01,1.28e-01
1937-08-01,1.6941e+01,1.35e-01
1937-09-01,1.6402e+01,1.24e-01
1937-10-01,1.5523e+01,1.13e-01
1937-11-01,1.4447e+01,1.13e-01
1937-12-01,1.3684e+01,1.18e-01
1938-01-01,1.3596e+01,1.11e-01
1938-02-01,1.3827e+01,1.12e-01
1938-03-01,1.4491e+01,1.11e-01
1938-04-01,1.5363e+01,1.19e-01
1938-05-01,1.6001e+01,1.29e-01
1938-06-01,1.6607e+01,1.17e-01
1938-07-01,1.6871e+01,1.27e-01
1938-08-01,1.6904e+01,1.32e-01
1938-09-01,1.6367e+01,1.22e-01
1938-10-01,1.5526e+01,1.13e-01
1938-11-01,1.4408e+01,1.14e-01
1938-12-01,1.3556e+01,1.16e-01
1939-01-01,1.3538e+01,1.14e-01
1939-02-01,1.3757e+01,1.12e-01
1939-03-01,1.4273e+01,1.13e-01
1939-04-01,1.5296e+01,1.19e-01
1939-05-01,1.6174e+01,1.28e-01
1939-06-01,1.6712e+01,1.19e-01
1939-07-01,1.6988e+01,1.27e-01
1939-08-01,1.6892e+01,1.39e-01
1939-09-01,1.6300e+01,1.26e-01
1939-10-01,1.5232e+01,1.22e-01
1939-11-01,1.4379e+01,1.16e-01
1939-12-01,1.4087e+01,1.12e-01
1940-01-01,1.3576e+01,1.20e-01
1940-02-01,1.3932e+01,1.16e-01
1940-03-01,1.4480e+01,1.15e-01
1940-04-01,1.5452e+01,1.25e-01
1940-05-01,1.6080e+01,1.32e-01
1940-06-01,1.6725e+01,1.19e-01
1940-07-01,1.7123e+01,1.32e-01
1940-08-01,1.6946e+01,1.34e-01
1940-09-01,1.6430e+01,1.26e-01
1940-10-01,1.5384e+01,1.18e-01
1940-11-01,1.4377e+01,1.20e-01
1940-12-01,1.3960e+01,1.17e-01
1941-01-01,1.3622e+01,1.11e-01
1941-02-01,1.3946e+01,1.09e-01
1941-03-01,1.4425e+01,1.04e-01
1941-04-01,1.5407e+01,1.14e-01
1941-05-01,1.6152e+01,1.22e-01
1941-06-01,1.6753e+01,1.12e-01
1941-07-01,1.7131e+01,1.22e-01
1941-08-01,1.6915e+01,1.26e-01
1941-09-01,1.6190e+01,1.12e-01
1941-10-01,1.5629e+01,1.07e-01
1941-11-01,1.4475e+01,1.10e-01
1941-12-01,1.3971e+01,1.42e-01
1942-01-01,1.3821e+01,1.30e-01
1942-02-01,1.3773e+01,1.23e-01
1942-03-01,1.4538e+01,1.24e-01
1942-04-01,1.5307e+01,1.31e-01
1942-05-01,1.6147e+01,1.42e-01
1942-06-01,1.6729e+01,1.27e-01
1942-07-01,1.6902e+01,1.41e-01
1942-08-01,1.6766e+01,1.47e-01
1942-09-01,1.6265e+01,1.42e-01
1942-10-01,1.5358e+01,1.34e-01
1942-11-01,1.4426e+01,1.26e-01
1942-12-01,1.3872e+01,1.30e-01
1943-01-01,1.3522e+01,1.36e-01
1943-02-01,1.3939e+01,1.26e-01
1943-03-01,1.4371e+01,1.27e-01
1943-04-01,1.5335e+01,1.37e-01
1943-05-01,1.6123e+01,1.43e-01
1943-06-01,1.6596e+01,1.32e-01
1943-07-01,1.6950e+01,1.43e-01
1943-08-01,1.6912e+01,1.45e-01
1943-09-01,1.6285e+01,1.29e-01
1943-10-01,1.5620e+01,1.29e-01
1943-11-01,1.4530e+01,1.28e-01
1943-12-01,1.3957e+01,1.29e-01
1944-01-01,1.3819e+01,1.17e-01
1944-02-01,1.4023e+01,1.21e-01
1944-03-01,1.4632e+01,1.22e-01
1944-04-01,1.5432e+01,1.29e-01
1944-05-01,1.6212e+01,1.35e-01
1944-06-01,1.6772e+01,1.25e-01
1944-07-01,1.7119e+01,1.37e-01
1944-08-01,1.7117e+01,1.42e-01
1944-09-01,1.6472e+01,1.30e-01
1944-10-01,1.5623e+01,1.23e-01
1944-11-01,1.4401e+01,1.25e-01
1944-12-01,1.3767e+01,1.27e-01
1945-01-01,1.3586e+01,1.22e-01
1945-02-01,1.3747e+01,1.25e-01
1945-03-01,1.4462e+01,1.24e-01
1945-04-01,1.5431e+01,1.31e-01
1945-05-01,1.6064e+01,1.42e-01
1945-06-01,1.6661e+01,1.31e-01
1945-07-01,1.6911e+01,1.45e-01
1945-08-01,1.7106e+01,1.49e-01
1945-09-01,1.6358e+01,1.33e-01
1945-10-01,1.5574e+01,1.19e-01
1945-11-01,1.4453e+01,1.21e-01
1945-12-01,1.3616e+01,1.22e-01
1946-01-01,1.3638e+01,1.29e-01
1946-02-01,1.3816e+01,1.28e-01
1946-03-01,1.4514e+01,1.25e-01
1946-04-01,1.5441e+01,1.27e-01
1946-05-01,1.5994e+01,1.43e-01
1946-06-01,1.6513e+01,1.37e-01
1946-07-01,1.6944e+01,1.39e-01
1946-08-01,1.6717e+01,1.43e-01
1946-09-01,1.6252e+01,1.43e-01
1946-10-01,1.5437e+01,1.30e-01
1946-11-01,1.4359e+01,1.20e-01
1946-12-01,1.3528e+01,1.25e-01
1947-01-01,1.3532e+01,1.25e-01
1947-02-01,1.3832e+01,1.16e-01
1947-03-01,1.4540e+01,1.24e-01
1947-04-01,1.5373e+01,1.28e-01
1947-05-01,1.6089e+01,1.35e-01
1947-06-01,1.6701e+01,1.26e-01
1947-07-01,1.6973e+01,1.38e-01
1947-08-01,1.6804e+01,1.36e-01
1947-09-01,1.6261e+01,1.31e-01
1947-10-01,1.5490e+01,1.30e-01
1947-11-01,1.4435e+01,1.28e-01
1947-12-01,1.3692e+01,1.28e-01
1948-01-01,1.3666e+01,1.19e-01
1948-02-01,1.3692e+01,1.23e-01
1948-03-01,1.4284e+01,1.25e-01
1948-04-01,1.5266e+01,1.27e-01
1948-05-01,1.6173e+01,1.35e-01
1948-06-01,1.6742e+01,1.29e-01
1948-07-01,1.6938e+01,1.41e-01
1948-08-01,1.6902e+01,1.36e-01
1948-09-01,1.6243e+01,1.27e-01
1948-10-01,1.5389e+01,1.23e-01
1948-11-01,1.4299e+01,1.31e-01
1948-12-01,1.3540e+01,1.26e-01
1949-01-01,1.3704e+01,1.01e-01
1949-02-01,1.3686e+01,1.01e-01
1949-03-01,1.4322e+01,1.02e-01
1949-04-01,1.5312e+01,1.09e-01
1949-05-01,1.6063e+01,1.17e-01
1949-06-01,1.6467e+01,1.07e-01
1949-07-01,1.6807e+01,1.20e-01
1949-08-01,1.6796e+01,1.23e-01
1949-09-01,1.6177e+01,1.07e-01
1949-10-01,1.5375e+01,1.01e-01
1949-11-01,1.4331e+01,9.90e-02
1949-12-01,1.3633e+01,1.02e-01
1950-01-01,1.3311e+01,9.50e-02
1950-02-01,1.3554e+01,1.01e-01
1950-03-01,1.4296e+01,9.70e-02
1950-04-01,1.5093e+01,1.02e-01
1950-05-01,1.6033e+01,1.06e-01
1950-06-01,1.6660e+01,1.05e-01
1950-07-01,1.6981e+01,1.15e-01
1950-08-01,1.6731e+01,1.08e-01
1950-09-01,1.6124e+01,1.06e-01
1950-10-01,1.5245e+01,1.03e-01
1950-11-01,1.4060e+01,9.30e-02
1950-12-01,1.3586e+01,9.70e-02
1951-01-01,1.3341e+01,9.00e-02
1951-02-01,1.3488e+01,9.30e-02
1951-03-01,1.4278e+01,9.20e-02
1951-04-01,1.5198e+01,9.50e-02
1951-05-01,1.6158e+01,1.12e-01
1951-06-01,1.6768e+01,1.06e-01
1951-07-01,1.7046e+01,1.10e-01
1951-08-01,1.7081e+01,1.10e-01
1951-09-01,1.6430e+01,1.01e-01
1951-10-01,1.5529e+01,9.40e-02
1951-11-01,1.4422e+01,9.30e-02
1951-12-01,1.3995e+01,9.10e-02
1952-01-01,1.3762e+01,8.90e-02
1952-02-01,1.4009e+01,9.30e-02
1952-03-01,1.4373e+01,9.30e-02
1952-04-01,1.5363e+01,1.03e-01
1952-05-01,1.6129e+01,1.15e-01
1952-06-01,1.6751e+01,1.04e-01
1952-07-01,1.7068e+01,1.18e-01
1952-08-01,1.6952e+01,1.18e-01
1952-09-01,1.6395e+01,1.04e-01
1952-10-01,1.5434e+01,9.60e-02
1952-11-01,1.4334e+01,9.30e-02
1952-12-01,1.3787e+01,9.40e-02
1953-01-01,1.3642e+01,9.20e-02
1953-02-01,1.4020e+01,9.40e-02
1953-03-01,1.4561e+01,9.30e-02
1953-04-01,1.5518e+01,1.03e-01
1953-05-01,1.6266e+01,1.14e-01
1953-06-01,1.6890e+01,1.05e-01
1953-07-01,1.7088e+01,1.18e-01
1953-08-01,1.6985e+01,1.19e-01
1953-09-01,1.6418e+01,1.05e-01
1953-10-01,1.5471e+01,9.40e-02
1953-11-01,1.4332e+01,9.50e-02
1953-12-01,1.3862e+01,9.50e-02
1954-01-01,1.3380e+01,8.90e-02
1954-02-01,1.3783e+01,9.30e-02
1954-03-01,1.4385e+01,9.40e-02
1954-04-01,1.5226e+01,1.02e-01
1954-05-01,1.5971e+01,1.02e-01
1954-06-01,1.6609e+01,9.60e-02
1954-07-01,1.6851e+01,1.04e-01
1954-08-01,1.6816e+01,1.03e-01
1954-09-01,1.6223e+01,9.90e-02
1954-10-01,1.5423e+01,8.80e-02
1954-11-01,1.4480e+01,8.60e-02
1954-12-01,1.3620e+01,8.80e-02
1955-01-01,1.3717e+01,8.60e-02
1955-02-01,1.3718e+01,8.70e-02
1955-03-01,1.4179e+01,8.30e-02
1955-04-01,1.5119e+01,9.10e-02
1955-05-01,1.5882e+01,1.00e-01
1955-06-01,1.6555e+01,8.70e-02
1955-07-01,1.6809e+01,9.30e-02
1955-08-01,1.6899e+01,9.80e-02
1955-09-01,1.6148e+01,8.90e-02
1955-10-01,1.5333e+01,8.20e-02
1955-11-01,1.4211e+01,8.10e-02
1955-12-01,1.3522e+01,8.00e-02
1956-01-01,1.3444e+01,7.50e-02
1956-02-01,1.3626e+01,8.60e-02
1956-03-01,1.4231e+01,7.40e-02
1956-04-01,1.5029e+01,8.20e-02
1956-05-01,1.5823e+01,9.40e-02
1956-06-01,1.6472e+01,7.80e-02
1956-07-01,1.6830e+01,8.20e-02
1956-08-01,1.6605e+01,7.50e-02
1956-09-01,1.6088e+01,8.10e-02
1956-10-01,1.5159e+01,7.50e-02
1956-11-01,1.4261e+01,7.80e-02
1956-12-01,1.3704e+01,7.60e-02
1957-01-01,1.3473e+01,7.30e-02
1957-02-01,1.3804e+01,7.40e-02
1957-03-01,1.4381e+01,7.00e-02
1957-04-01,1.5324e+01,8.70e-02
1957-05-01,1.6216e+01,8.40e-02
1957-06-01,1.6878e+01,9.10e-02
1957-07-01,1.7034e+01,9.50e-02
1957-08-01,1.7049e+01,1.01e-01
1957-09-01,1.6380e+01,1.12e-01
1957-10-01,1.5463e+01,8.10e-02
1957-11-01,1.4516e+01,7.30e-02
1957-12-01,1.3971e+01,7.20e-02
1958-01-01,1.3881e+01,7.50e-02
1958-02-01,1.4071e+01,8.20e-02
1958-03-01,1.4547e+01,6.90e-02
1958-04-01,1.5359e+01,7.30e-02
1958-05-01,1.6180e+01,7.30e-02
1958-06-01,1.6619e+01,7.40e-02
1958-07-01,1.7039e+01,9.30e-02
1958-08-01,1.6832e+01,7.00e-02
1958-09-01,1.6284e+01,7.40e-02
1958-10-01,1.5437e+01,7.40e-02
1958-11-01,1.4507e+01,6.70e-02
1958-12-01,1.3829e+01,7.00e-02
1959-01-01,1.3636e+01,6.90e-02
1959-02-01,1.3873e+01,7.20e-02
1959-03-01,1.4612e+01,8.80e-02
1959-04-01,1.5439e+01,8.20e-02
1959-05-01,1.6122e+01,7.10e-02
1959-06-01,1.6776e+01,7.00e-02
1959-07-01,1.7002e+01,8.20e-02
1959-08-01,1.6908e+01,6.80e-02
1959-09-01,1.6278e+01,7.40e-02
1959-10-01,1.5405e+01,7.60e-02
1959-11-01,1.4272e+01,6.80e-02
1959-12-01,1.3763e+01,6.70e-02
1960-01-01,1.3553e+01,6.70e-02
1960-02-01,1.3956e+01,7.00e-02
1960-03-01,1.4145e+01,6.60e-02
1960-04-01,1.5190e+01,6.60e-02
1960-05-01,1.5956e+01,7.90e-02
1960-06-01,1.6670e+01,7.10e-02
1960-07-01,1.6985e+01,7.00e-02
1960-08-01,1.6969e+01,6.90e-02
1960-09-01,1.6382e+01,6.90e-02
1960-10-01,1.5456e+01,6.80e-02
1960-11-01,1.4313e+01,7.30e-02
1960-12-01,1.3928e+01,6.40e-02
1961-01-01,1.3664e+01,6.40e-02
1961-02-01,1.4058e+01,6.70e-02
1961-03-01,1.4609e+01,6.20e-02
1961-04-01,1.5444e+01,6.80e-02
1961-05-01,1.6241e+01,7.10e-02
1961-06-01,1.6810e+01,7.90e-02
1961-07-01,1.6987e+01,7.10e-02
1961-08-01,1.6917e+01,7.20e-02
1961-09-01,1.6309e+01,6.30e-02
1961-10-01,1.5401e+01,7.10e-02
1961-11-01,1.4437e+01,5.90e-02
1961-12-01,1.3682e+01,5.90e-02
1962-01-01,1.3655e+01,6.00e-02
1962-02-01,1.4003e+01,5.90e-02
1962-03-01,1.4522e+01,6.90e-02
1962-04-01,1.5353e+01,7.60e-02
1962-05-01,1.6041e+01,6.80e-02
1962-06-01,1.6679e+01,9.90e-02
1962-07-01,1.6952e+01,6.80e-02
1962-08-01,1.6830e+01,6.50e-02
1962-09-01,1.6246e+01,9.40e-02
1962-10-01,1.5429e+01,8.40e-02
1962-11-01,1.4421e+01,6.70e-02
1962-12-01,1.3776e+01,6.10e-02
1963-01-01,1.3594e+01,6.30e-02
1963-02-01,1.4014e+01,6.40e-02
1963-03-01,1.4357e+01,6.30e-02
1963-04-01,1.5216e+01,5.90e-02
1963-05-01,1.6050e+01,6.90e-02
1963-06-01,1.6675e+01,6.80e-02
1963-07-01,1.7089e+01,7.70e-02
1963-08-01,1.7061e+01,7.00e-02
1963-09-01,1.6480e+01,7.50e-02
1963-10-01,1.5587e+01,7.40e-02
1963-11-01,1.4580e+01,7.00e-02
1963-12-01,1.3817e+01,6.80e-02
1964-01-01,1.3595e+01,7.60e-02
1964-02-01,1.3730e+01,6.40e-02
1964-03-01,1.4256e+01,6.20e-02
1964-04-01,1.5062e+01,6.30e-02
1964-05-01,1.5856e+01,6.60e-02
1964-06-01,1.6591e+01,6.40e-02
1964-07-01,1.6784e+01,7.30e-02
1964-08-01,1.6634e+01,7.80e-02
1964-09-01,1.6002e+01,6.00e-02
1964-10-01,1.5171e+01,6.10e-02
1964-11-01,1.4202e+01,5.60e-02
1964-12-01,1.3522e+01,5.90e-02
1965-01-01,1.3545e+01,6.10e-02
1965-02-01,1.3698e+01,6.10e-02
1965-03-01,1.4285e+01,6.80e-02
1965-04-01,1.5095e+01,6.10e-02
1965-05-01,1.6007e+01,7.90e-02
1965-06-01,1.6532e+01,8.70e-02
1965-07-01,1.6762e+01,7.60e-02
1965-08-01,1.6803e+01,6.50e-02
1965-09-01,1.6154e+01,6.40e-02
1965-10-01,1.5406e+01,6.30e-02
1965-11-01,1.4287e+01,6.00e-02
1965-12-01,1.3775e+01,6.20e-02
1966-01-01,1.3495e+01,5.70e-02
1966-02-01,1.3810e+01,6.20e-02
1966-03-01,1.4445e+01,6.60e-02
1966-04-01,1.5254e+01,5.90e-02
1966-05-01,1.5987e+01,6.10e-02
1966-06-01,1.6693e+01,7.60e-02
1966-07-01,1.7033e+01,7.00e-02
1966-08-01,1.6826e+01,6.80e-02
1966-09-01,1.6273e+01,6.90e-02
1966-10-01,1.5315e+01,6.10e-02
1966-11-01,1.4362e+01,5.80e-02
1966-12-01,1.3683e+01,5.70e-02
1967-01-01,1.3527e+01,5.50e-02
1967-02-01,1.3688e+01,6.40e-02
1967-03-01,1.4465e+01,5.70e-02
1967-04-01,1.5300e+01,6.10e-02
1967-05-01,1.6279e+01,6.10e-02
1967-06-01,1.6665e+01,5.70e-02
1967-07-01,1.6970e+01,7.80e-02
1967-08-01,1.6840e+01,6.40e-02
1967-09-01,1.6244e+01,6.00e-02
1967-10-01,1.5469e+01,5.60e-02
1967-11-01,1.4353e+01,4.80e-02
1967-12-01,1.3730e+01,5.00e-02
1968-01-01,1.3389e+01,5.40e-02
1968-02-01,1.3724e+01,5.90e-02
1968-03-01,1.4581e+01,5.20e-02
1968-04-01,1.5261e+01,6.40e-02
1968-05-01,1.5990e+01,6.20e-02
1968-06-01,1.6696e+01,7.30e-02
1968-07-01,1.6887e+01,5.80e-02
1968-08-01,1.6794e+01,5.70e-02
1968-09-01,1.6155e+01,7.60e-02
1968-10-01,1.5481e+01,6.60e-02
1968-11-01,1.4418e+01,5.10e-02
1968-12-01,1.3791e+01,5.00e-02
1969-01-01,1.3518e+01,4.80e-02
1969-02-01,1.3747e+01,5.20e-02
1969-03-01,1.4576e+01,5.60e-02
1969-04-01,1.5518e+01,6.20e-02
1969-05-01,1.6329e+01,5.30e-02
1969-06-01,1.6830e+01,6.20e-02
1969-07-01,1.6924e+01,5.90e-02
1969-08-01,1.6945e+01,5.60e-02
1969-09-01,1.6337e+01,5.30e-02
1969-10-01,1.5445e+01,5.60e-02
1969-11-01,1.4524e+01,5.10e-02
1969-12-01,1.3993e+01,5.40e-02
1970-01-01,1.3711e+01,5.20e-02
1970-02-01,1.4022e+01,5.30e-02
1970-03-01,1.4503e+01,5.80e-02
1970-04-01,1.5440e+01,5.10e-02
1970-05-01,1.6104e+01,5.50e-02
1970-06-01,1.6672e+01,5.60e-02
1970-07-01,1.6912e+01,5.80e-02
1970-08-01,1.6748e+01,5.20e-02
1970-09-01,1.6335e+01,5.50e-02
1970-10-01,1.5420e+01,5.10e-02
1970-11-01,1.4418e+01,5.00e-02
1970-12-01,1.3707e+01,4.80e-02
1971-01-01,1.3615e+01,5.40e-02
1971-02-01,1.3627e+01,6.70e-02
1971-03-01,1.4254e+01,4.90e-02
1971-04-01,1.5227e+01,4.90e-02
1971-05-01,1.5963e+01,5.80e-02
1971-06-01,1.6539e+01,5.90e-02
1971-07-01,1.6846e+01,6.10e-02
1971-08-01,1.6752e+01,5.60e-02
1971-09-01,1.6220e+01,6.20e-02
1971-10-01,1.5298e+01,5.60e-02
1971-11-01,1.4399e+01,5.20e-02
1971-12-01,1.3660e+01,5.10e-02
1972-01-01,1.3298e+01,5.30e-02
1972-02-01,1.3644e+01,5.40e-02
1972-03-01,1.4446e+01,4.80e-02
1972-04-01,1.5291e+01,5.10e-02
1972-05-01,1.6095e+01,5.80e-02
1972-06-01,1.6729e+01,6.10e-02
1972-07-01,1.6956e+01,6.30e-02
1972-08-01,1.6978e+01,5.70e-02
1972-09-01,1.6270e+01,6.10e-02
1972-10-01,1.5438e+01,6.40e-02
1972-11-01,1.4419e+01,5.00e-02
1972-12-01,1.3951e+01,5.00e-02
1973-01-01,1.3774e+01,5.20e-02
1973-02-01,1.4140e+01,6.40e-02
1973-03-01,1.4663e+01,5.20e-02
1973-04-01,1.5528e+01,5.50e-02
1973-05-01,1.6288e+01,5.30e-02
1973-06-01,1.6795e+01,5.20e-02
1973-07-01,1.7002e+01,6.10e-02
1973-08-01,1.6889e+01,6.20e-02
1973-09-01,1.6267e+01,5.40e-02
1973-10-01,1.5419e+01,5.30e-02
1973-11-01,1.4381e+01,5.00e-02
1973-12-01,1.3711e+01,5.10e-02
1974-01-01,1.3300e+01,5.20e-02
1974-02-01,1.3490e+01,5.70e-02
1974-03-01,1.4267e+01,5.40e-02
1974-04-01,1.5182e+01,5.30e-02
1974-05-01,1.5957e+01,5.30e-02
1974-06-01,1.6616e+01,6.30e-02
1974-07-01,1.6846e+01,5.30e-02
1974-08-01,1.6912e+01,6.00e-02
1974-09-01,1.6197e+01,6.50e-02
1974-10-01,1.5274e+01,5.10e-02
1974-11-01,1.4320e+01,5.70e-02
1974-12-01,1.3656e+01,5.70e-02
1975-01-01,1.3621e+01,5.10e-02
1975-02-01,1.3857e+01,5.30e-02
1975-03-01,1.4538e+01,4.80e-02
1975-04-01,1.5297e+01,4.90e-02
1975-05-01,1.6136e+01,5.40e-02
1975-06-01,1.6682e+01,5.70e-02
1975-07-01,1.6877e+01,5.90e-02
1975-08-01,1.6665e+01,7.90e-02
1975-09-01,1.6216e+01,6.10e-02
1975-10-01,1.5292e+01,5.30e-02
1975-11-01,1.4126e+01,4.90e-02
1975-12-01,1.3557e+01,5.10e-02
1976-01-01,1.3442e+01,5.00e-02
1976-02-01,1.3619e+01,5.00e-02
1976-03-01,1.4124e+01,4.90e-02
1976-04-01,1.5135e+01,5.30e-02
1976-05-01,1.5778e+01,6.70e-02
1976-06-01,1.6448e+01,6.00e-02
1976-07-01,1.6864e+01,7.30e-02
1976-08-01,1.6671e+01,7.20e-02
1976-09-01,1.6185e+01,5.60e-02
1976-10-01,1.5167e+01,5.90e-02
1976-11-01,1.4299e+01,5.00e-02
1976-12-01,1.3841e+01,5.00e-02
1977-01-01,1.3647e+01,5.00e-02
1977-02-01,1.4001e+01,5.60e-02
1977-03-01,1.4639e+01,5.50e-02
1977-04-01,1.5470e+01,4.90e-02
1977-05-01,1.6286e+01,6.10e-02
1977-06-01,1.6846e+01,5.60e-02
1977-07-01,1.7047e+01,6.00e-02
1977-08-01,1.6979e+01,5.30e-02
1977-09-01,1.6312e+01,5.40e-02
1977-10-01,1.5387e+01,4.90e-02
1977-11-01,1.4544e+01,4.80e-02
1977-12-01,1.3741e+01,4.50e-02
1978-01-01,1.3587e+01,5.40e-02
1978-02-01,1.3904e+01,6.00e-02
1978-03-01,1.4555e+01,5.20e-02
1978-04-01,1.5372e+01,5.00e-02
1978-05-01,1.6101e+01,6.10e-02
1978-06-01,1.6601e+01,5.70e-02
1978-07-01,1.6935e+01,6.70e-02
1978-08-01,1.6623e+01,5.60e-02
1978-09-01,1.6281e+01,5.80e-02
1978-10-01,1.5337e+01,5.40e-02
1978-11-01,1.4522e+01,5.00e-02
1978-12-01,1.3793e+01,4.70e-02
1979-01-01,1.3630e+01,4.80e-02
1979-02-01,1.3768e+01,4.70e-02
1979-03-01,1.4565e+01,5.10e-02
1979-04-01,1.5391e+01,4.60e-02
1979-05-01,1.6076e+01,5.80e-02
1979-06-01,1.6772e+01,4.30e-02
1979-07-01,1.6992e+01,4.20e-02
1979-08-01,1.6978e+01,4.60e-02
1979-09-01,1.6450e+01,4.80e-02
1979-10-01,1.5557e+01,4.90e-02
1979-11-01,1.4609e+01,4.70e-02
1979-12-01,1.4182e+01,4.50e-02
1980-01-01,1.3812e+01,4.90e-02
1980-02-01,1.4112e+01,5.00e-02
1980-03-01,1.4646e+01,5.20e-02
1980-04-01,1.5578e+01,5.20e-02
1980-05-01,1.6314e+01,5.00e-02
1980-06-01,1.6806e+01,5.80e-02
1980-07-01,1.7171e+01,6.00e-02
1980-08-01,1.7049e+01,7.70e-02
1980-09-01,1.6427e+01,5.10e-02
1980-10-01,1.5450e+01,4.80e-02
1980-11-01,1.4645e+01,5.10e-02
1980-12-01,1.3892e+01,4.60e-02
1981-01-01,1.3963e+01,5.50e-02
1981-02-01,1.4073e+01,5.90e-02
1981-03-01,1.4769e+01,4.50e-02
1981-04-01,1.5432e+01,5.00e-02
1981-05-01,1.6198e+01,4.90e-02
1981-06-01,1.6932e+01,5.80e-02
1981-07-01,1.7217e+01,5.40e-02
1981-08-01,1.7123e+01,5.50e-02
1981-09-01,1.6466e+01,5.80e-02
1981-10-01,1.5453e+01,5.00e-02
1981-11-01,1.4470e+01,4.70e-02
1981-12-01,1.4098e+01,4.80e-02
1982-01-01,1.3587e+01,5.30e-02
1982-02-01,1.3852e+01,5.30e-02
1982-03-01,1.4337e+01,5.40e-02
1982-04-01,1.5330e+01,5.40e-02
1982-05-01,1.6144e+01,5.40e-02
1982-06-01,1.6625e+01,5.30e-02
1982-07-01,1.7000e+01,5.80e-02
1982-08-01,1.6867e+01,5.40e-02
1982-09-01,1.6354e+01,5.50e-02
1982-10-01,1.5493e+01,5.40e-02
1982-11-01,1.4446e+01,5.70e-02
1982-12-01,1.4068e+01,5.80e-02
1983-01-01,1.3979e+01,5.70e-02
1983-02-01,1.4169e+01,6.80e-02
1983-03-01,1.4683e+01,5.30e-02
1983-04-01,1.5468e+01,4.80e-02
1983-05-01,1.6340e+01,5.60e-02
1983-06-01,1.6786e+01,6.10e-02
1983-07-01,1.7068e+01,5.40e-02
1983-08-01,1.7145e+01,5.20e-02
1983-09-01,1.6573e+01,5.90e-02
1983-10-01,1.5498e+01,5.80e-02
1983-11-01,1.4648e+01,5.40e-02
1983-12-01,1.3886e+01,5.00e-02
1984-01-01,1.3701e+01,5.20e-02
1984-02-01,1.3878e+01,5.60e-02
1984-03-01,1.4608e+01,5.60e-02
1984-04-01,1.5370e+01,6.80e-02
1984-05-01,1.6295e+01,5.20e-02
1984-06-01,1.6668e+01,7.30e-02
1984-07-01,1.6961e+01,6.30e-02
1984-08-01,1.6972e+01,5.40e-02
1984-09-01,1.6385e+01,5.30e-02
1984-10-01,1.5368e+01,5.40e-02
1984-11-01,1.4320e+01,5.50e-02
1984-12-01,1.3604e+01,5.00e-02
1985-01-01,1.3678e+01,5.20e-02
1985-02-01,1.3731e+01,5.10e-02
1985-03-01,1.4526e+01,5.00e-02
1985-04-01,1.5356e+01,5.40e-02
1985-05-01,1.6136e+01,5.00e-02
1985-06-01,1.6713e+01,7.00e-02
1985-07-01,1.6906e+01,5.10e-02
1985-08-01,1.7013e+01,5.00e-02
1985-09-01,1.6357e+01,5.40e-02
1985-10-01,1.5476e+01,5.40e-02
1985-11-01,1.4388e+01,5.50e-02
1985-12-01,1.3808e+01,5.60e-02
1986-01-01,1.3724e+01,5.70e-02
1986-02-01,1.4084e+01,5.60e-02
1986-03-01,1.4608e+01,4.90e-02
1986-04-01,1.5452e+01,5.40e-02
1986-05-01,1.6163e+01,4.90e-02
1986-06-01,1.6696e+01,5.00e-02
1986-07-01,1.6991e+01,5.00e-02
1986-08-01,1.6938e+01,5.00e-02
1986-09-01,1.6285e+01,6.30e-02
1986-10-01,1.5455e+01,5.40e-02
1986-11-01,1.4407e+01,5.50e-02
1986-12-01,1.3805e+01,5.20e-02
1987-01-01,1.3758e+01,5.80e-02
1987-02-01,1.4161e+01,5.30e-02
1987-03-01,1.4538e+01,5.10e-02
1987-04-01,1.5447e+01,5.20e-02
1987-05-01,1.6252e+01,5.10e-02
1987-06-01,1.6900e+01,5.10e-02
1987-07-01,1.7296e+01,6.30e-02
1987-08-01,1.7061e+01,6.00e-02
1987-09-01,1.6569e+01,5.30e-02
1987-10-01,1.5621e+01,5.10e-02
1987-11-01,1.4561e+01,4.90e-02
1987-12-01,1.4130e+01,4.80e-02
1988-01-01,1.3978e+01,5.20e-02
1988-02-01,1.4064e+01,5.20e-02
1988-03-01,1.4778e+01,5.40e-02
1988-04-01,1.5593e+01,5.10e-02
1988-05-01,1.6348e+01,5.40e-02
1988-06-01,1.6976e+01,5.70e-02
1988-07-01,1.7179e+01,5.10e-02
1988-08-01,1.7173e+01,5.90e-02
1988-09-01,1.6553e+01,5.30e-02
1988-10-01,1.5639e+01,5.20e-02
1988-11-01,1.4465e+01,5.20e-02
1988-12-01,1.3923e+01,5.20e-02
1989-01-01,1.3566e+01,5.80e-02
1989-02-01,1.3978e+01,5.50e-02
1989-03-01,1.4607e+01,5.70e-02
1989-04-01,1.5422e+01,5.70e-02
1989-05-01,1.6121e+01,5.60e-02
1989-06-01,1.6725e+01,6.30e-02
1989-07-01,1.7150e+01,5.80e-02
1989-08-01,1.7051e+01,5.20e-02
1989-09-01,1.6500e+01,5.90e-02
1989-10-01,1.5597e+01,5.10e-02
1989-11-01,1.4524e+01,5.20e-02
1989-12-01,1.4058e+01,5.30e-02
1990-01-01,1.3891e+01,5.70e-02
1990-02-01,1.4143e+01,5.60e-02
1990-03-01,1.5005e+01,5.80e-02
1990-04-01,1.5683e+01,5.20e-02
1990-05-01,1.6397e+01,5.40e-02
1990-06-01,1.6995e+01,5.40e-02
1990-07-01,1.7246e+01,6.50e-02
1990-08-01,1.7110e+01,5.40e-02
1990-09-01,1.6465e+01,6.30e-02
1990-10-01,1.5747e+01,5.30e-02
1990-11-01,1.4770e+01,6.50e-02
1990-12-01,1.4100e+01,5.60e-02
1991-01-01,1.3859e+01,5.60e-02
1991-02-01,1.4201e+01,5.70e-02
1991-03-01,1.4689e+01,5.60e-02
1991-04-01,1.5716e+01,5.50e-02
1991-05-01,1.6370e+01,5.40e-02
1991-06-01,1.7052e+01,5.70e-02
1991-07-01,1.7348e+01,5.30e-02
1991-08-01,1.7163e+01,5.50e-02
1991-09-01,1.6572e+01,5.60e-02
1991-10-01,1.5619e+01,5.50e-02
1991-11-01,1.4607e+01,5.50e-02
1991-12-01,1.3980e+01,5.20e-02
1992-01-01,1.3961e+01,5.80e-02
1992-02-01,1.4181e+01,6.70e-02
1992-03-01,1.4771e+01,5.60e-02
1992-04-01,1.5510e+01,5.50e-02
1992-05-01,1.6319e+01,5.90e-02
1992-06-01,1.6886e+01,5.80e-02
1992-07-01,1.7001e+01,5.70e-02
1992-08-01,1.6900e+01,5.70e-02
1992-09-01,1.6243e+01,5.30e-02
1992-10-01,1.5419e+01,5.40e-02
1992-11-01,1.4343e+01,5.60e-02
1992-12-01,1.3902e+01,6.80e-02
1993-01-01,1.3896e+01,6.20e-02
1993-02-01,1.4085e+01,6.00e-02
1993-03-01,1.4725e+01,6.10e-02
1993-04-01,1.5482e+01,5.50e-02
1993-05-01,1.6231e+01,5.60e-02
1993-06-01,1.6859e+01,5.80e-02
1993-07-01,1.7155e+01,6.20e-02
1993-08-01,1.6926e+01,5.80e-02
1993-09-01,1.6381e+01,6.20e-02
1993-10-01,1.5543e+01,5.80e-02
1993-11-01,1.4410e+01,5.90e-02
1993-12-01,1.3904e+01,5.90e-02
1994-01-01,1.3731e+01,5.70e-02
1994-02-01,1.3773e+01,6.20e-02
1994-03-01,1.4713e+01,5.80e-02
1994-04-01,1.5584e+01,5.70e-02
1994-05-01,1.6348e+01,6.00e-02
1994-06-01,1.7021e+01,6.10e-02
1994-07-01,1.7183e+01,5.90e-02
1994-08-01,1.7036e+01,5.50e-02
1994-09-01,1.6498e+01,5.80e-02
1994-10-01,1.5743e+01,6.00e-02
1994-11-01,1.4754e+01,5.60e-02
1994-12-01,1.4036e+01,6.00e-02
1995-01-01,1.3945e+01,6.00e-02
1995-02-01,1.4388e+01,6.20e-02
1995-03-01,1.4783e+01,6.10e-02
1995-04-01,1.5587e+01,6.10e-02
1995-05-01,1.6279e+01,5.70e-02
1995-06-01,1.7008e+01,6.10e-02
1995-07-01,1.7375e+01,6.10e-02
1995-08-01,1.7297e+01,6.10e-02
1995-09-01,1.6580e+01,6.00e-02
1995-10-01,1.5748e+01,6.20e-02
1995-11-01,1.4713e+01,6.00e-02
1995-12-01,1.3951e+01,5.90e-02
1996-01-01,1.3721e+01,5.90e-02
1996-02-01,1.4207e+01,6.40e-02
1996-03-01,1.4658e+01,5.90e-02
1996-04-01,1.5541e+01,5.70e-02
1996-05-01,1.6272e+01,6.30e-02
1996-06-01,1.6847e+01,5.80e-02
1996-07-01,1.7220e+01,6.10e-02
1996-08-01,1.7210e+01,5.90e-02
1996-09-01,1.6444e+01,5.60e-02
1996-10-01,1.5516e+01,6.10e-02
1996-11-01,1.4607e+01,5.90e-02
1996-12-01,1.4053e+01,5.80e-02
1997-01-01,1.3818e+01,5.80e-02
1997-02-01,1.4178e+01,5.90e-02
1997-03-01,1.4873e+01,6.80e-02
1997-04-01,1.5634e+01,5.50e-02
1997-05-01,1.6388e+01,5.60e-02
1997-06-01,1.7158e+01,5.60e-02
1997-07-01,1.7307e+01,6.50e-02
1997-08-01,1.7266e+01,5.90e-02
1997-09-01,1.6766e+01,6.10e-02
1997-10-01,1.5935e+01,5.60e-02
1997-11-01,1.4952e+01,6.00e-02
1997-12-01,1.4291e+01,5.70e-02
1998-01-01,1.4063e+01,6.30e-02
1998-02-01,1.4611e+01,6.60e-02
1998-03-01,1.4958e+01,6.50e-02
1998-04-01,1.5884e+01,6.20e-02
1998-05-01,1.6671e+01,6.20e-02
1998-06-01,1.7289e+01,6.60e-02
1998-07-01,1.7609e+01,6.20e-02
1998-08-01,1.7491e+01,6.20e-02
1998-09-01,1.6657e+01,6.10e-02
1998-10-01,1.5768e+01,6.40e-02
1998-11-01,1.4697e+01,6.20e-02
1998-12-01,1.4214e+01,6.10e-02
1999-01-01,1.3933e+01,6.30e-02
1999-02-01,1.4367e+01,6.50e-02
1999-03-01,1.4676e+01,6.90e-02
1999-04-01,1.5572e+01,6.40e-02
1999-05-01,1.6298e+01,6.10e-02
1999-06-01,1.6957e+01,6.20e-02
1999-07-01,1.7218e+01,6.40e-02
1999-08-01,1.7100e+01,6.30e-02
1999-09-01,1.6605e+01,5.90e-02
1999-10-01,1.5675e+01,6.30e-02
1999-11-01,1.4673e+01,6.30e-02
1999-12-01,1.4130e+01,6.40e-02
2000-01-01,1.3773e+01,6.40e-02
2000-02-01,1.4266e+01,6.50e-02
2000-03-01,1.4846e+01,6.90e-02
2000-04-01,1.5762e+01,6.20e-02
2000-05-01,1.6395e+01,6.10e-02
2000-06-01,1.7000e+01,6.70e-02
2000-07-01,1.7242e+01,6.60e-02
2000-08-01,1.7243e+01,6.30e-02
2000-09-01,1.6613e+01,6.10e-02
2000-10-01,1.5588e+01,6.00e-02
2000-11-01,1.4632e+01,6.20e-02
2000-12-01,1.3968e+01,6.20e-02
2001-01-01,1.3936e+01,6.30e-02
2001-02-01,1.4179e+01,6.70e-02
2001-03-01,1.4982e+01,6.20e-02
2001-04-01,1.5808e+01,6.60e-02
2001-05-01,1.6569e+01,6.60e-02
2001-06-01,1.7151e+01,6.30e-02
2001-07-01,1.7450e+01,6.50e-02
2001-08-01,1.7294e+01,6.80e-02
2001-09-01,1.6758e+01,6.50e-02
2001-10-01,1.5831e+01,6.40e-02
2001-11-01,1.5011e+01,6.40e-02
2001-12-01,1.4241e+01,6.20e-02
2002-01-01,1.4258e+01,6.20e-02
2002-02-01,1.4505e+01,6.50e-02
2002-03-01,1.5198e+01,6.40e-02
2002-04-01,1.5818e+01,6.20e-02
2002-05-01,1.6605e+01,6.20e-02
2002-06-01,1.7110e+01,6.00e-02
2002-07-01,1.7487e+01,6.20e-02
2002-08-01,1.7328e+01,6.10e-02
2002-09-01,1.6799e+01,6.50e-02
2002-10-01,1.5859e+01,6.20e-02
2002-11-01,1.4856e+01,6.70e-02
2002-12-01,1.4127e+01,6.30e-02
2003-01-01,1.4207e+01,6.40e-02
2003-02-01,1.4359e+01,6.50e-02
2003-03-01,1.4973e+01,6.20e-02
2003-04-01,1.5774e+01,6.30e-02
2003-05-01,1.6567e+01,6.30e-02
2003-06-01,1.7104e+01,6.80e-02
2003-07-01,1.7423e+01,7.80e-02
2003-08-01,1.7402e+01,6.30e-02
2003-09-01,1.6839e+01,6.00e-02
2003-10-01,1.5997e+01,6.30e-02
2003-11-01,1.4838e+01,6.10e-02
2003-12-01,1.4436e+01,6.20e-02
2004-01-01,1.4097e+01,5.90e-02
2004-02-01,1.4488e+01,6.50e-02
2004-03-01,1.4992e+01,6.10e-02
2004-04-01,1.5811e+01,6.10e-02
2004-05-01,1.6383e+01,5.80e-02
2004-06-01,1.7006e+01,6.30e-02
2004-07-01,1.7227e+01,6.50e-02
2004-08-01,1.7266e+01,6.30e-02
2004-09-01,1.6745e+01,5.90e-02
2004-10-01,1.5889e+01,6.10e-02
2004-11-01,1.5022e+01,6.00e-02
2004-12-01,1.4161e+01,6.00e-02
2005-01-01,1.4159e+01,5.90e-02
2005-02-01,1.4293e+01,6.70e-02
2005-03-01,1.5106e+01,6.40e-02
2005-04-01,1.5978e+01,6.10e-02
2005-05-01,1.6629e+01,6.10e-02
2005-06-01,1.7248e+01,6.20e-02
2005-07-01,1.7503e+01,6.30e-02
2005-08-01,1.7375e+01,5.90e-02
2005-09-01,1.6903e+01,5.90e-02
2005-10-01,1.6025e+01,5.90e-02
2005-11-01,1.5005e+01,5.80e-02
2005-12-01,1.4327e+01,5.80e-02
2006-01-01,1.3990e+01,5.90e-02
2006-02-01,1.4435e+01,6.60e-02
2006-03-01,1.4966e+01,6.20e-02
2006-04-01,1.5729e+01,6.10e-02
2006-05-01,1.6463e+01,6.00e-02
2006-06-01,1.7216e+01,6.00e-02
2006-07-01,1.7419e+01,6.30e-02
2006-08-01,1.7479e+01,6.10e-02
2006-09-01,1.6792e+01,6.20e-02
2006-10-01,1.5935e+01,6.00e-02
2006-11-01,1.4931e+01,5.80e-02
2006-12-01,1.4407e+01,6.00e-02
2007-01-01,1.4417e+01,5.70e-02
2007-02-01,1.4408e+01,5.90e-02
2007-03-01,1.5017e+01,6.50e-02
2007-04-01,1.5930e+01,6.20e-02
2007-05-01,1.6629e+01,5.50e-02
2007-06-01,1.7168e+01,5.60e-02
2007-07-01,1.7485e+01,6.10e-02
2007-08-01,1.7339e+01,6.10e-02
2007-09-01,1.6737e+01,5.90e-02
2007-10-01,1.5867e+01,6.00e-02
2007-11-01,1.4821e+01,5.70e-02
2007-12-01,1.4110e+01,5.70e-02
2008-01-01,1.3719e+01,5.70e-02
2008-02-01,1.4061e+01,5.90e-02
2008-03-01,1.5077e+01,6.30e-02
2008-04-01,1.5735e+01,5.80e-02
2008-05-01,1.6497e+01,5.50e-02
2008-06-01,1.7077e+01,5.80e-02
2008-07-01,1.7449e+01,5.40e-02
2008-08-01,1.7282e+01,6.00e-02
2008-09-01,1.6757e+01,5.70e-02
2008-10-01,1.5931e+01,5.60e-02
2008-11-01,1.4919e+01,5.40e-02
2008-12-01,1.4151e+01,5.60e-02
2009-01-01,1.4091e+01,5.80e-02
2009-02-01,1.4267e+01,6.00e-02
2009-03-01,1.4873e+01,6.00e-02
2009-04-01,1.5819e+01,5.90e-02
2009-05-01,1.6571e+01,6.00e-02
2009-06-01,1.7260e+01,5.70e-02
2009-07-01,1.7578e+01,6.70e-02
2009-08-01,1.7427e+01,6.00e-02
2009-09-01,1.6864e+01,5.30e-02
2009-10-01,1.5910e+01,5.60e-02
2009-11-01,1.4968e+01,5.70e-02
2009-12-01,1.4298e+01,6.00e-02
2010-01-01,1.4208e+01,6.00e-02
2010-02-01,1.4517e+01,6.10e-02
2010-03-01,1.5223e+01,5.90e-02
2010-04-01,1.6039e+01,6.00e-02
2010-05-01,1.6732e+01,5.70e-02
2010-06-01,1.7271e+01,5.70e-02
2010-07-01,1.7532e+01,5.70e-02
2010-08-01,1.7412e+01,6.10e-02
2010-09-01,1.6761e+01,5.40e-02
2010-10-01,1.5939e+01,5.70e-02
2010-11-01,1.4995e+01,6.00e-02
2010-12-01,1.4117e+01,6.00e-02
2011-01-01,1.3928e+01,5.90e-02
2011-02-01,1.4193e+01,5.90e-02
2011-03-01,1.4880e+01,6.00e-02
2011-04-01,1.5832e+01,5.60e-02
2011-05-01,1.6523e+01,5.60e-02
2011-06-01,1.7203e+01,5.80e-02
2011-07-01,1.7568e+01,6.20e-02
2011-08-01,1.7475e+01,5.90e-02
2011-09-01,1.6762e+01,5.70e-02
2011-10-01,1.5873e+01,5.90e-02
2011-11-01,1.4799e+01,6.00e-02
2011-12-01,1.4198e+01,6.30e-02
2012-01-01,1.3859e+01,6.00e-02
2012-02-01,1.4164e+01,6.30e-02
2012-03-01,1.4863e+01,6.10e-02
2012-04-01,1.5881e+01,5.90e-02
2012-05-01,1.6699e+01,6.40e-02
2012-06-01,1.7252e+01,6.00e-02
2012-07-01,1.7450e+01,6.00e-02
2012-08-01,1.7420e+01,6.00e-02
2012-09-01,1.6882e+01,6.00e-02
2012-10-01,1.6019e+01,6.30e-02
2012-11-01,1.5001e+01,6.40e-02
2012-12-01,1.4138e+01,6.40e-02
2013-01-01,1.4117e+01,6.40e-02
2013-02-01,1.4359e+01,6.50e-02
2013-03-01,1.4952e+01,6.60e-02
2013-04-01,1.5749e+01,6.50e-02
2013-05-01,1.6609e+01,6.50e-02
2013-06-01,1.7257e+01,6.20e-02
2013-07-01,1.7503e+01,6.80e-02
2013-08-01,1.7462e+01,6.80e-02
2013-09-01,1.6894e+01,6.40e-02
2013-10-01,1.5905e+01,6.20e-02
2013-11-01,1.5107e+01,6.20e-02
2013-12-01,1.4339e+01,6.50e-02
2014-01-01,1.4136e+01,6.40e-02
2014-02-01,1.4157e+01,6.50e-02
2014-03-01,1.5090e+01,6.80e-02
2014-04-01,1.6038e+01,6.90e-02
2014-05-01,1.6804e+01,5.90e-02
2014-06-01,1.7303e+01,6.40e-02
2014-07-01,1.7508e+01,6.10e-02
2014-08-01,1.7607e+01,6.40e-02
2014-09-01,1.6975e+01,5.90e-02
2014-10-01,1.6029e+01,5.90e-02
2014-11-01,1.4899e+01,6.40e-02
2014-12-01,1.4410e+01,6.20e-02
2015-01-01,1.4255e+01,6.60e-02
2015-02-01,1.4564e+01,6.70e-02
2015-03-01,1.5193e+01,6.10e-02
2015-04-01,1.5962e+01,6.10e-02
2015-05-01,1.6774e+01,5.80e-02
2015-06-01,1.7390e+01,5.70e-02
2015-07-01,1.7611e+01,5.80e-02
2015-08-01,1.7589e+01,5.70e-02
2015-09-01,1.7049e+01,5.80e-02
2015-10-01,1.6290e+01,6.20e-02
2015-11-01,1.5252e+01,6.30e-02
2015-12-01,1.4774e+01,6.20e-02
